Roaster,Name,Roast Profile,Flavour Notes,Origin / Location,Varietal / Species,Process,Elevation,Price,Product Link
7000 Steps,Assam Kelelo Microlot,Medium Roast,Fruity with hints of wild honey,"Assam, Northeast India",100% Arabica,Natural Sun Dried,900 - 1200 meters above sea level,"INR 999 - INR 2,100",https://www.7000steps.com/products/assam-highlands-micro-lot-nl
7000 Steps,Assam Speciality Arabica Coffee - 250g,Medium Roast,"Citrus, mandarin, brown sugar, roasted nuts, dark chocolate, cocoa; clean finish with a hint of stone fruit","Dima Hasao, Assam",100% Arabica,,"529 - 2,158 meters",INR 899,https://www.7000steps.com/products/assam-speciality-arabica-coffee-250g
7000 Steps,Meghalaya JK Microlot,Medium Roast,Wild sweet lemon with a hint of cocoa,"Meghalaya, Northeast India",100% Arabica,Natural Sun Dried,700 - 800 meters above sea level,"INR 999 - INR 2,700",https://www.7000steps.com/products/meghalaya-microlot-1kg
7000 Steps,Meghalaya Single Origin Robusta Coffee - 250g,Medium Roast / Dark Roast,"Mild citrus, roasted nuts, cereal, dark chocolate aroma","Aguragre, Meghalaya",100% Single-Origin Robusta,"Natural Sun-Dried, Hand-Picked",,INR 799,https://www.7000steps.com/products/single-origin-robusta-meghalaya-250g
7000 Steps,Mizoram Arabica Green Beans 1Kg,,,"Mizoram, Northeast India",Arabica,,,INR 920,https://www.7000steps.com/products/mizoram-arabica-green-beans-1kg
7000 Steps,Moka Pot Coffee Combo,,"Toasted nuts, 85% dark chocolate; smooth dark-chocolate finish",Northeast India,100% Robusta coffee included,,,"INR 1,099",https://www.7000steps.com/products/moka-pot-coffee-combo
7000 Steps,Northeast Adventures - 250g,Dark Roast / Medium Roast,Fruity lime hints with slightly nutty and chocolate hints,Multi Origin from Northeast India,"50% Arabica, 50% Robusta",Natural,800 - 1400 meters above sea level,INR 559,https://www.7000steps.com/products/adventure-blend-250gm
7000 Steps,Northeast Cold Brew - Premium Cold Brew Coffee Bags (5 Sachets | 250g ),Medium Roast,"Gentle fruitiness like berries, subtle tamarind tang, cocoa aftertaste","Assam 20%, Tripura 40%, Tura Meghalaya 40%",100% Arabica blend,,,INR 499,https://www.7000steps.com/products/7000seps-cold-brew
7000 Steps,Northeast Fusion - 250g,Dark Roast / Medium Roast,Fruity lime with slightly nutty and chocolate hints,Multi Origin from Northeast India,"80% Arabica, 20% Robusta",Natural,800 - 1400 meters above sea level,INR 559,https://www.7000steps.com/products/earthy-tropical-250gm
7000 Steps,Northeast Peak - 250g,Dark Roast / Medium Roast,"Sweet, honey-like with citrus (lime) undertones","Multi-Origin from Northeast India (Assam, Meghalaya, and Nagaland)",100% Arabica,Natural Sun Dried,800 - 1300 meters above sea level,INR 599,https://www.7000steps.com/products/blue-sunrise-250gm
7000 Steps,Northeast Wild Robusta - 250g,Medium and Dark Roast,Nutty with hints of chocolate,"Multi-Origin from Northeast India (Meghalaya, Assam, Mizoram)",100% Robusta,Natural,800 - 1300 meters above sea level,INR 499,https://www.7000steps.com/products/northeast-wild-robusta-250g
7000 Steps,Single Origin Arabica - Assam 250g,Medium Roast,"Chocolate, roasted almond, guava-like acidity, subtle cereal-like finish; sweet and sour berry notes","Assam, Northeast India",100% Arabica,,,INR 799,https://www.7000steps.com/products/single-origin-arabica-assam-250g
7000 Steps,Single Origin Arabica - Meghalaya 250g,Medium Roast,Sweet lime with hints of grapefruit,"Meghalaya, Northeast India",100% Arabica,,1200 meters,INR 799,https://www.7000steps.com/products/single-origin-arabica-meghalaya-250g
ARAKU Coffee,Selection,Medium Dark Roast,"Honey, sugarcane, dark chocolate, caramel","Kabada Bodaput village, Araku Valley, Andhra Pradesh",100% Arabica,"Natural, Honey & Washed Process",3545 to 4215 feet,"INR 590 - INR 2,620",https://www.arakucoffee.in/products/selection
ARAKU Coffee,Signature,Medium Roast,"Green pepper, cherry, dark chocolate; fine tea aroma","Araku Valley, Andhra Pradesh (Kuthangi Thadeput / Ganjaiguda)",100% Arabica,Washed & Natural,3280 to 3610 feet,"INR 540 - INR 2,520",https://www.arakucoffee.in/products/signature
ARAKU Coffee,Micro Climate,Medium Roast,"Olives, honey, grapes, dried berry; candied fruit","Baankubedda riverine island, Araku Valley, Andhra Pradesh",100% Arabica,Natural,2789 to 2854 feet,"INR 630 - INR 2,920",https://www.arakucoffee.in/products/micro-climate
ARAKU Coffee,Grand Reserve,Medium Roast,"Tropical fruits, citrus, floral, dates, olives","Kuthangi Thadiput, Araku Valley, Andhra Pradesh",100% Arabica,Natural & Washed,3307 to 3908 feet,"INR 890 - INR 3,920",https://www.arakucoffee.in/products/grande-reserve
ARAKU Coffee,High Altitude,Medium Roast,"Rose apple, buttercream cookies, baker's chocolate, caramel","Bakuru village, Araku Valley, Andhra Pradesh",100% Arabica,Black Honey,3790 to 4362 feet,INR 940,https://www.arakucoffee.in/products/high-altitude
Baarbara Coffee,Premium Blended Filter Coffee Powder,,"Characteristic texture and aroma; strong, rich filter coffee cup","Bababudangiri Range, Chikkamagaluru, Karnataka",Arabica coffee with 15% chicory; Grade AA coffee beans,,4500 to 5000 feet,INR 400,https://www.baarbaracoffee.com/products/premium-blended-filter-coffee-powder
Baarbara Coffee,Giri's Legacy Premium Filter Coffee Powder,,Exquisite taste and texture,"Bababudangiri Hills, Karnataka",Single-origin Grade AA Arabica coffee beans,"Pulped, fermented over 16 hours, washed, and sun-dried for 10 days",,INR 450,https://www.baarbaracoffee.com/products/giris-legacy-premium-filter-coffee-powder
Baarbara Coffee,Roasted Arabica Coffee Beans,,"Long-lasting pleasant taste, delicate flavour, balanced aroma","Bababudangiri Range, Chikkamagaluru, Karnataka",AA-Grade 100% Arabica,,4500 to 5000 feet,INR 450,https://www.baarbaracoffee.com/products/roasted-arabica-coffee-beans
Baarbara Coffee,Premium Grade 'A' Coffee Beans Powder | Blended Arabica Coffee | Black Coffee (Pack of 2),,Characteristic texture and aroma; long-lasting delight,"Baba Budan Hills, Chikmagalur",Premium Grade A blended Arabica coffee beans powder,,3850 to 5350 feet,INR 800,https://www.baarbaracoffee.com/products/premium-grade-a-coffee-beans-powder-blended-arabica-coffee-black-coffee-pack-of-2
Baarbara Coffee,South Indian Filter Coffee Powder,,Nuanced estate-grown filter coffee flavours,"Bababudangiri Range, Chikkamagaluru, Karnataka",Arabica coffee beans,,4500 to 5000 feet,"INR 400 - INR 6,000",https://www.baarbaracoffee.com/products/south-indian-filter-coffee-powder
Baarbara Coffee,100% AA Grade Roasted Arabica Coffee Beans,Medium / Dark Roast,"Long-lasting pleasant taste, delicate flavour, balanced aroma","Bababudangiri Range, Chikkamagaluru, Karnataka",AA-Grade 100% Arabica,,4500 to 5000 feet,"INR 620 - INR 8,260",https://www.baarbaracoffee.com/products/100-aa-grade-roasted-arabica-coffee-beans
Baarbara Coffee,100% Robusta AA Grade Roasted Coffee Beans,Medium / Dark Roast,"Brighter, sharper flavour with a zingy aftertaste","Bababudangiri Hills, Chikkamagaluru, Karnataka",AA-Grade 100% Robusta,,,"INR 560 - INR 7,400",https://www.baarbaracoffee.com/products/robusta-100-roasted-coffee-beans-aa-grade-specialty-1
Baarbara Coffee,60% Arabica - 40% Robusta Roasted Coffee Beans Premium Blend,Medium / Dark Roast,Layered and nuanced flavours; brightness and acidity from Robusta,"Bababudangiri Range, Chikkamagaluru, Karnataka","60% Arabica, 40% Robusta",,4500 to 5000 feet,"INR 580 - INR 7,650",https://www.baarbaracoffee.com/products/arabica-60-robusta-40-roasted-coffee-beans-aa-grade-specialty
Baarbara Coffee,70% Arabica - 30% Robusta Roasted Coffee Beans Premium Blend,Medium / Dark Roast,Nuanced floral and fruity flavours; brightness and acidity from Robusta,"Bababudangiri Range, Chikkamagaluru, Karnataka","70% Arabica, 30% Robusta",,4500 to 5000 feet,"INR 590 - INR 7,800",https://www.baarbaracoffee.com/products/arabica-70-robusta-30-roasted-coffee-beans-aa-grade-specialty
Baarbara Coffee,80% Arabica - 20% Robusta Roasted Coffee Beans Premium Blend,Medium / Dark Roast,Pronounced floral and fruity flavours; subtle brightness and acidity,"Bababudangiri Range, Chikkamagaluru, Karnataka","80% Arabica, 20% Robusta",,4500 to 5000 feet,"INR 600 - INR 7,900",https://www.baarbaracoffee.com/products/copy-of-arabica-80-robusta-20-roasted-coffee-beans-aa-grade-specialty
Baarbara Coffee,100% AAA Grade Roasted Arabica Coffee Beans,Medium / Dark Roast,"Long-lasting pleasant taste, delicate flavour, balanced aroma","Bababudangiri Range, Chikkamagaluru, Karnataka",AAA-Grade 100% Arabica,,4500 to 5000 feet,"INR 670 - INR 8,310",https://www.baarbaracoffee.com/products/100-aaa-grade-roasted-arabica-coffee-beans
Baarbara Coffee,Vienna Dark Roasted Coffee Beans,Dark Roast,Dark chocolate; intense full-bodied cup,"Bababudangiri Range, Chikkamagaluru, Karnataka",AA Grade specialty Arabica coffee beans,,4500 to 5000 feet,"INR 650 - INR 8,400",https://www.baarbaracoffee.com/products/vienna-dark-roast-roasted-whole-beans
Baarbara Coffee,Frozen Cherry Roasted Coffee Beans,,"Juicy mango, mixed berries","Baarbara, Chikmagalur, Karnataka",SLN 795,Frozen whole-cherry fermentation; slow dried on raised beds,4500 to 5000 feet,"INR 830 - INR 12,000",https://www.baarbaracoffee.com/products/frozen-cherry-1
Baarbara Coffee,Honey Sun Dried Roasted Coffee Beans,,"Cherry, orange rind","Baarbara, Chikmagalur, Karnataka",SLN 795,Honey sun-dried; pulped and sun-dried with mucilage,4500 to 5000 feet,"INR 670 - INR 9,000",https://www.baarbaracoffee.com/products/honey-sun-dried
Baarbara Coffee,Pineapple Fermentation Roasted Coffee Beans,,"Caramel, toasted nuts","Baarbara, Chikmagalur, Karnataka",SLN 795,Pineapple fermentation; pulped coffee fermented with fresh pineapple,4500 to 5000 feet,"INR 770 - INR 10,700",https://www.baarbaracoffee.com/products/pineapple-fermentation
Baarbara Coffee,Monsoon Malabar Roasted Coffee Beans,,"Earthy, spicy notes; mellow, full-bodied richness","Baarbara, Chikmagalur, Karnataka",SLN 795,Monsoon Malabar / monsooned process,4500 to 5000 feet,"INR 670 - INR 9,050",https://www.baarbaracoffee.com/products/naturals-roasted-coffee-copy
Baarbara Coffee,Cold Brew Blend Roasted Coffee Beans,Medium Roast,Bright and fruity notes,,,,,"INR 650 - INR 8,400",https://www.baarbaracoffee.com/products/cold-brew-blend
Baarbara Coffee,Intenso Fermentation Roasted Coffee Beans,,"Pomegranate, cherry, candied fruit, prunes",Single Origin,SLN 795,Yeast fermentation with Intenso (Saccharomyces cerevisiae),4500 to 5000 feet,"INR 770 - INR 10,700",https://www.baarbaracoffee.com/products/intenso-fermentation-1
Baarbara Coffee,Naturals Roasted Coffee Beans,,"Coconut chips, mango","Baarbara, Chikmagalur, Karnataka",SLN 795,Natural; cherries fermented for 24 hours and dried on raised beds,4500 to 5000 feet,"INR 670 - INR 9,000",https://www.baarbaracoffee.com/products/naturals
Baarbara Coffee,Mysore Nuggets,,"Delicate flavour, balanced aroma, long-lasting finish","Bababudangiri, Chikkamagaluru, Karnataka",AAA-Grade Arabica,,4500 to 5000 feet,"INR 640 - INR 8,100",https://www.baarbaracoffee.com/products/mysore-nuggets
Baarbara Coffee,Grapes Fermented Coffee Beans,,"Apricot, guava, sweet red grapes, jamun-like finish, vibrant berry tones","Baarbara, Chikmagalur, Karnataka",SLN795,"Grape fermentation; co-fermented with ripe grapes, washed, slow-dried",4500 to 5000 feet,"INR 780 - INR 10,500",https://www.baarbaracoffee.com/products/grapes-fermented-coffee-beans
Baarbara Coffee,Double Fermentation Roasted Coffee Beans,,"Bright cranberry, delicate florals, honeyed sweetness, milk chocolate, syrupy mouthfeel, clean balanced acidity","Baarbara, Chikmagalur, Karnataka",SLN795,Double fermentation; whole cherry fermentation followed by parchment/mucilage fermentation; washed and sun-dried,4500 to 5000 feet,"INR 750 - INR 10,500",https://www.baarbaracoffee.com/products/double-fermentation-coffee-beans
Baarbara Coffee,Cima Yeast Fermentation Roasted Coffee Beans,,"Pomegranate, cherry, candied fruit, prunes",Single Origin,SLN 795,Yeast fermentation with Cima (Saccharomyces cerevisiae),4500 to 5000 feet,"INR 770 - INR 10,700",https://www.baarbaracoffee.com/products/cima-yeast-fermentation-roasted-coffee-beans
Baarbara Coffee,Mix Fruit Fermented Coffee Beans,,"Carambola, crisp apple, juicy pomegranate, refined black tea, sweet chocolate, syrupy body","Baarbara, Chikmagalur, Karnataka",SLN795,Mixed fruit co-fermentation; washed and sun-dried on raised beds,4500 to 5000 feet,"INR 780 - INR 10,500",https://www.baarbaracoffee.com/products/mix-fruit-fermented-coffee-beans
Baarbara Coffee,Whiskey Barrel Aged Roasted Coffee Beans,,"Whiskey, vanilla, wood, subtle sweetness; winy, fruity, mixed berries, tropical fruits, cereal-like notes",,,Whiskey barrel aged,,"INR 850 - INR 14,500",https://www.baarbaracoffee.com/products/whisky-barrel-aged-coffee-roasted-coffee
Baarbara Coffee,Rum Barrel Aged Roasted Coffee Beans,,"Rum, molasses, raisins, subtle sweetness; winy, fruity, mixed berries, tropical fruits, cereal-like notes",,,Rum barrel aged,,"INR 850 - INR 14,500",https://www.baarbaracoffee.com/products/rum-barrel-aged-roasted-coffee-beans
Baarbara Coffee,Brandy Barrel Aged Roasted Coffee Beans,,"Winy, fruity, slight mixed berries, tropical fruits, cereal-like notes",,,Brandy barrel aged,,"INR 850 - INR 14,500",https://www.baarbaracoffee.com/products/brandy-barrel-aged-roasted-coffee-beans
Baarbara Coffee,Whiskey Barrel Aged Green Coffee,,"Winy, fruity, slight mixed berries, tropical fruits, cereal-like notes",,,Whiskey barrel aged green coffee,,"INR 700 - INR 56,000",https://www.baarbaracoffee.com/products/whisky-barrel-aged-green-coffee
Baarbara Coffee,Brandy Barrel Aged Green Coffee Beans,,"Winy, fruity, slight mixed berries, tropical fruits, cereal-like notes",,,Brandy barrel aged green coffee,,"INR 700 - INR 56,000",https://www.baarbaracoffee.com/products/brandy-barrel-aged-green-coffee-beans
Baarbara Coffee,Rum Barrel Aged Green Coffee,,"Winy, fruity, slight mixed berries, tropical fruits, cereal-like notes",,,Rum barrel aged green coffee,,"INR 700 - INR 56,000",https://www.baarbaracoffee.com/products/rum-barrel-aged-green-coffee
Baarbara Coffee,Wine Fermented Coffee Beans,,"Winy, fruity, slight mixed berries, tropical fruits, cereal-like notes",,,Wine barrel aged / wine fermented,,"INR 850 - INR 14,500",https://www.baarbaracoffee.com/products/wine-fermented-coffee-beans
Baarbara Coffee,Blend Bhoomi / ಬ್ಲೆಂಡ್ ಭೂಮಿ / ब्लेंड भूमि,Medium Roast,"Cocoa, toasted grain, mild spice, soft fruity sweetness; full rounded body; smooth lingering finish","Baarbara estate lands, Karnataka","Washed Arabica, natural coffees, Monsoon Malabar blend","Washed Arabica, natural process, Monsoon Malabar",,"INR 650 - INR 35,500",https://www.baarbaracoffee.com/products/blend-bhoomi
Baarbara Coffee,Blend Akasha/ ಬ್ಲೆಂಡ್ ಆಕಾಶ/ ब्लेंड आकाश,Medium Roast,"Ripe berries, dried fruit, vanilla, soft rum-soaked oak; silky body; long luxurious finish","Baarbara estate lands, Karnataka","Washed Arabica, natural coffees, barrel-influenced coffee blend","Washed Arabica, natural process, subtle barrel influence",,"INR 660 - INR 34,500",https://www.baarbaracoffee.com/products/blend-akasha
Baarbara Coffee,Blend Surya / ಬ್ಲೆಂಡ್ ಅಗ್ನಿ / ब्लेंड अग्नि,Medium Roast,"Jaggery, milk chocolate, toasted nuts, gentle spice; low acidity; high sweetness","Baarbara estate lands, Karnataka",Honey Arabica and Robusta blend,Honey Arabica blend with Robusta,,"INR 620 - INR 32,000",https://www.baarbaracoffee.com/products/blend-agni
Baarbara Coffee,Blend Jala / ಬ್ಲೆಂಡ್ ಜಲ / ब्लेंड जल,Medium Roast,"Fermented fruit punch, citrus peel, sticky caramel sweetness; thick body; punchy finish","Baarbara estate lands, Karnataka","Washed Arabica, double fermentation coffee, Robusta blend","Washed Arabica, double fermentation, Robusta blend",,"INR 640 - INR 33,500",https://www.baarbaracoffee.com/products/blend-jal
Baarbara Coffee,Blend Vayu / ಬ್ಲೆಂಡ್ ವಾಯು / ब्लेंड वायु,Medium Roast,"Delicate florals, mixed berry, white fruit, honeyed sweetness; silky texture; clean finish","Baarbara estate lands, Karnataka",Washed Arabica and frozen-cherry processed coffee blend,Washed Arabica and frozen-cherry processing,,"INR 680 - INR 35,500",https://www.baarbaracoffee.com/products/blend-vayu
Baarbara Coffee,Decaffeinated Roasted Coffee Beans,Medium Roast,"Smooth aromatic cup; rich aroma, essential oils, and natural flavour preserved",,,Supercritical CO2 Fluid Extraction (SCFE) decaffeination,,"INR 950 - INR 17,000",https://www.baarbaracoffee.com/products/decaffeinated-coffee
Baarbara Coffee,Decaffeinated Green Coffee Beans,,"Smooth aromatic cup; rich aroma, essential oils, and natural flavour preserved",,,Supercritical CO2 Fluid Extraction (SCFE) decaffeination,,"INR 750 - INR 37,000",https://www.baarbaracoffee.com/products/decaffeinated-green-coffee-beans
Black Baza Coffee Co.,Frogmouth,Medium Roast,"Guava, Amla, Walnuts",The Nilgiris,Washed Arabica; Chandragiri,Washed,1400 MSL,"INR 610 - INR 1,170",https://www.blackbazacoffee.com/products/frogmouth
Black Baza Coffee Co.,Wanderoo,Medium Roast,"Dark Chocolate, Brown Sugar","BR Hills, Karnataka",Washed Arabica; Chandragiri,Washed,1100 MSL,"INR 600 - INR 1,180",https://www.blackbazacoffee.com/products/wanderoo
Black Baza Coffee Co.,Luna,Dark Roast,"Dark Chocolate, Tobacco, Spice","Wayanad, Kerala","Natural, Sun-dried Robusta; Kent",Naturals,700MSL,"INR 550 - INR 1,080",https://www.blackbazacoffee.com/products/luna
Black Baza Coffee Co.,Jumping Ant,Light Roast,"Sweet Citrus, Nutty, Honey","BR Hills, Karnataka",Washed Arabica; SLN9,Washed,1200 MSL,"INR 600 - INR 1,180",https://www.blackbazacoffee.com/products/jumping-ant
Black Baza Coffee Co.,Bird-Friendly Bundle,Light Roast / Medium Dark Roast,From sweet citrus to chocolate,"BR Hills, Karnataka; Wayanad, Kerala; Jamnagar, Gujarat",Washed Arabica; Robusta Naturals; 20% Chicory,Washed & Naturals,,INR 780,https://www.blackbazacoffee.com/products/bird-friendly-bundle
Black Baza Coffee Co.,Chukki,Vienna Roast,"Hazelnut, Dark Chocolate, Jaggery","BR Hills, Karnataka",Washed Arabica; Arabica SLN9,Washed,1200MSL,"INR 580 - INR 1,140",https://www.blackbazacoffee.com/products/chukki
Black Baza Coffee Co.,Whistling Schoolboy,Medium Dark Roast,"Milk Chocolate, Roasted Almonds, Hazelnut","BR Hills, Karnataka + Wayanad, Kerala + Jamnagar, Gujarat",Arabica and Robusta beans with 20% Chicory; SLN9 & Kent,Washed & Naturals,"1200MSL, 700 MSL & 17MSL","INR 510 - INR 1,000",https://www.blackbazacoffee.com/products/filter-coffee
Black Baza Coffee Co.,Ficus,Medium Dark Roast,"Dried Cranberries, Cacao Bitters, Roast Almond","BR Hills, Karnataka + Wayanad, Kerala","Washed Arabica and Natural, Sun-dried Robusta; SLN9 & Kent",Washed & Naturals,1100MSL & 700MSL,"INR 580 - INR 1,140",https://www.blackbazacoffee.com/products/ficus
Black Baza Coffee Co.,Potter Wasp,Medium Light Roast,"Jaggery, Dried Berries","BR Hills, Karnataka",Pulp Sun-Dried Arabica (Honey); Arabica SLN9,Honey Process,1200MSL,"INR 630 - INR 1,240",https://www.blackbazacoffee.com/products/potter-wasp
Black Baza Coffee Co.,Loris,Dark Roast,"Dark Chocolate, Burnt Caramel","BR Hills, Karnataka",Washed Arabica; SLN9,Washed,1200 MSL,"INR 580 - INR 1,140",https://www.blackbazacoffee.com/products/loris
Black Baza Coffee Co.,Otter,Medium Dark Roast,"Baker's Chocolate, Dried Berries, Caramel","BR Hills, Karnataka + Wayanad, Kerala","Washed Arabica and Natural, Sun-dried Robusta; SLN9 & Kent",Washed & Naturals,1100MSL & 700MSL,INR 580,https://www.blackbazacoffee.com/products/otter
Black Baza Coffee Co.,Specialty Arabica Bundle,Light Roast / Medium Roast / Vienna Roast,,"BR Hills, Karnataka; The Nilgiris, Tamil Nadu",Washed Arabica; Washed Arabica & Peaberry,Washed; Semi-washed Honey,,"INR 1,000",https://www.blackbazacoffee.com/products/specialty-arabica-bundle
Black Baza Coffee Co.,Draco,Medium Roast,Green Cardamom,"BR Hills & Bisle Ghat, Karnataka",Washed Arabica Peaberry Rested with Green Cardamom; Arabica SLN9,Washed & Aged,1200MSL,"INR 620 - INR 1,200",https://www.blackbazacoffee.com/products/draco
Black Baza Coffee Co.,Galaxy Frog,Medium Roast,"Lemon Zest, Green Grapes, Molasses",BR Hills & The Nilgiris,Washed Arabica & Peaberry; SLN9,Washed,1100-1400 MSL,"INR 600 - INR 1,180",https://www.blackbazacoffee.com/products/galaxy-frog
Black Baza Coffee Co.,Tiger Beetle,Medium Roast,"Fruit and Nuts, Cherry Jam, Milk Chocolate","BR Hills, Karnataka",Washed Arabica Peaberry; SLN9,Washed Peaberry,1200 MSL,"INR 580 - INR 1,140",https://www.blackbazacoffee.com/products/tiger-beetle
Black Baza Coffee Co.,Kaati,,"Burnt Caramel, Toasted Nuts, Cocoa",,Washed Arabica,,,"INR 610 - INR 1,170",https://www.blackbazacoffee.com/products/kaati
Bloom Coffee Roasters,Kolli Berry Estate - Naturals - Chikmagalur - Light Roast,Light Roast,"Raspberry, White Chocolate & Fresh Stone Fruit","Kolli Berry Estate, Chikmagalur",S795,Naturals; Anaerobic Naturals,1150 MASL,INR 975,https://bloomcoffeeroasters.in/products/kolli-berry-estate-naturals-chikmagalur-light-roast
Bloom Coffee Roasters,Attikan estate - Wild Mandarin (Washed) - BR Hills - Light Roast,Light Roast,"Raisins, Papaya, Citrus Fruits, Floral","Attikan Estate, BR Hills",SLN9,Washed; Wild Mandarin Co-ferment,1650 MASL,"INR 1,000",https://bloomcoffeeroasters.in/products/attikan-estate-wild-mandarin-washed-br-hills-light-roast
Bloom Coffee Roasters,Udaigiri Estate - Naturals - Chikmagalur - Light Roast,Light Roast,"Mulberries, Candied Nuts, Milk Chocolate","Udaigiri Estate, Chikmagalur",SLN9,Naturals; Osmotic Naturals,1150 MASL,INR 850,https://bloomcoffeeroasters.in/products/udaigiri-estate-naturals-chikmagalur-light-roast
Bloom Coffee Roasters,Salawara estate - Bio-Reactor Naturals - Sakleshpur - Light Roast,Light Roast,"Pineapple, Citrus Fruits, Cocoa","Salawara Estate, Sakleshpur",Chandragiri,Naturals; Anaerobic Yeast in a Bio-Reactor,1150 MASL,INR 875,https://bloomcoffeeroasters.in/products/salawara-estate-bio-reactor-naturals-sakleshpur-light-roast
Bloom Coffee Roasters,Salawara estate - Yeast Washed - Sakleshpur - Light Roast,Light Roast,"Peaches, White Chocolate, Butterscotch","Salawara Estate, Sakleshpur",Chandragiri,Washed; Anaerobic Yeast,1150 MASL,INR 750,https://bloomcoffeeroasters.in/products/salawara-estate-naturals-sakleshpur-light-roast
Bloom Coffee Roasters,Salawara estate - Anaerobic Yellow Honey - Sakleshpur - Light Roast,Medium Light Roast,"Tropical Fruits, Milk Chocolate, and Hazelnuts","Salawara Estate, Sakleshpur",S795,Yellow Honey; Anaerobic Fermentation before pulping,1200 MASL,INR 850,https://bloomcoffeeroasters.in/products/salawara-estate-anaerobic-yellow-honey-sakleshpur-light-roast
Bloom Coffee Roasters,Kelachandra estate - Naturals - Chikmagalur - Light Roast,Light Roast,"Stone Fruit, Cacao, Floral","Kelachandra Estate, Chikmagalur",Chandragiri,Naturals; Anaerobic,1150 MASL,INR 750,https://bloomcoffeeroasters.in/products/kelachandra-estate-naturals-chikmagalur-light-roast
Bloom Coffee Roasters,Salawara Estate - Red Honey - Sakleshpur - Light Roast,Light Roast,"Amla, Kinnow & Jaggery","Salawara Estate, Sakleshpur",S795,Red Honey; 72 hours Anaerobic fermentation,1100 MASL,"INR 750 - INR 2,400",https://bloomcoffeeroasters.in/products/salawara-estate-red-honey-sakleshpur-light-roast
Bloom Coffee Roasters,Hoysala Estate - Naturals - Chikmagalur - Light Roast,Light Roast,"Orange Marmalade, Dried Apricots and Dark Chocolate","Hoysala Estate, Chikmagalur",Sachimore,Naturals,1050 MASL,INR 750,https://bloomcoffeeroasters.in/products/hoysala-estate-naturals-chikmagalur-light-roast
Bloom Coffee Roasters,Hoysala Estate - Washed - Chikmagalur - Light Roast,Light-Medium Roast,"Coffee Blossom, Stone Fruit, & Oranges","Hoysala Estate, Chikmagalur",Sachimore,Washed; In fruit fermentation before pulping,1050 MASL,INR 675,https://bloomcoffeeroasters.in/products/hoysala-estate-washed-chikmagalur-medium-light-roast
Bloom Coffee Roasters,Meera - Medium Light Roast,Light-Medium Roast,"Caramel, Bakers Chocolate, Berries and Vanilla","Venkids Valley Estate & Hoysala Estate, Coorg & Chikmagalur","SLN6, Chandragiri",Washed & Naturals,1100 - 1250 MASL,"INR 700 - INR 2,200",https://bloomcoffeeroasters.in/products/meera-medium-light-roast
Bloom Coffee Roasters,Venkids Valley Estate - The Red Honey - Light Roast,Light Roast,"Mango, Hibiscus and Butterscotch","Venkids Valley Estate, Coorg",Catuai,Red Honey,1000 MASL,INR 800,https://bloomcoffeeroasters.in/products/venkids-valley-estate-the-red-honey
Bloom Coffee Roasters,Papakuchi Coffee (Washed) - Coorg (Light Roast),Light Roast,"Malt, Red Apple, Pomegranate Juice","Papakuchi Coffee / Venkids Valley Estate, Coorg",SLN6,Washed,3600 ft.,"INR 650 - INR 2,000",https://bloomcoffeeroasters.in/products/papkuchi-coffee-washed-coorg-light-roast
Bloom Coffee Roasters,Pulney Coffee (Washed) - Pulney Hills - Medium Roast,Medium Roast,"Citrus Fruits, Cherries, and Nuts","Laks Farm, Pulney Hills, Tamil Nadu",Chandragiri and SL9,Washed,4920 ft.,"INR 675 - INR 2,100",https://bloomcoffeeroasters.in/products/pulney-coffee-washed-pulney-hills-medium-roast
Bloom Coffee Roasters,Balanoor Plantations - Kents (Washed) - Chikmagalur - Medium Roast,Medium Roast,"Chocolate, Citrus Fruits, and Plum","Balanoor Plantations, Chikmagalur",Kents,Washed,3850 ft.,"INR 650 - INR 2,100",https://bloomcoffeeroasters.in/products/balanoor-plantations-kents-medium-roast
Bloom Coffee Roasters,Venkids Valley Estate (Washed) – Coorg - Medium Dark Roast,Medium Roast,"Mexican chocolate, Caramel, and Orange Zest","Venkids Valley Estate, Coorg",SLN6,Washed,3600 ft.,"INR 600 - INR 2,000",https://bloomcoffeeroasters.in/products/venkids-valley-estate-medium-dark
Bloom Coffee Roasters,Vin Van Gogh - Medium Roast,Medium Dark Roast,"Berries, almonds, and spiced Chocolate",Venkids Valley Estate & Moganad Estate,"SL6, Sln9, Sln5B",Washed,3200-4250 ft.,"INR 600 - INR 2,000",https://bloomcoffeeroasters.in/products/vin-van-gogh
Bloom Coffee Roasters,Kenny Ji - The Cold Brew Blend,Medium Roast,"Bright, Smooth, Easy",,,,,"INR 575 - INR 2,300",https://bloomcoffeeroasters.in/products/kenny-ji-the-cold-brew-blend
Bloom Coffee Roasters,Kid Dynamite - Dark Roast,Dark Roast,,"Salawara Estate & Kottaram Estate, Wayanad","Arabica S795, Robusta C x R",Washed Arabica and Naturals Robusta,3300 ft. – 4500ft.,"INR 550 - INR 1,700",https://bloomcoffeeroasters.in/products/kid-dynamite-dark-roast-copy
Bloom Coffee Roasters,Harley Estate - Vienna Roast (Naturals) - Sakleshpur,Dark (Vienna Roast),"Blackberry Jam, Caramel & Cacao","Harley Estate, Sakleshpur",SL9,Naturals,1130 MASL,INR 700,https://bloomcoffeeroasters.in/products/harley-estate-vienna-roast-naturals-sakleshpur
Bloom Coffee Roasters,Salawara Estate – Chikmaglur - Dark Roast,Dark Roast,"Caramel, milk chocolate, subtle hints of citrus","Salawara Estate, Chikmaglur",,Washed,3130 ft.,"INR 650 - INR 2,000",https://bloomcoffeeroasters.in/products/salawara-estate-dark-roast
Bloom Coffee Roasters,Satchmo - Dark Roast,Medium Dark Roast,"Chocolate, Dark Caramel, and hints of Citrus",Venkids Valley Estate & Salawara Estate,SL6 & SL9,Washed,3200-3400 ft.,"INR 525 - INR 2,100",https://bloomcoffeeroasters.in/products/satchmo-dark-roast
Bloom Coffee Roasters,Ro-Busta Rhymes - Dark Roast,Medium Dark Roast,,Moganad Estate & Venkids Valley Estate,"Arabica S795, Robusta",Washed Arabica and Naturals Robusta,3300 ft. – 4500ft.,"INR 500 - INR 1,800",https://bloomcoffeeroasters.in/products/ro-busta-rhymes-medium-dark-roast
Broot Coffee Roasters,OBSIDIAN,Medium Light Roast,"Filter: Black Grape, Aged Rum, Dried Fig; Espresso: Molasses, Dark Cacao, Burnt Sugar","Ammikulavi Estate, Tamil Nadu, India",Canephora,96hr Anaerobic Fermentation,1300-1400 MASL,"INR 1,200 - INR 4,000",https://brootcoffee.com/products/obsidian
Broot Coffee Roasters,DARK MATTER,Vienna (Medium-Dark) Roast,"Filter: dark cocoa, roasted nuts, caramelized sweetness; Espresso: dark chocolate, roasted nuts, burnt sugar",India,Blend,Multi-Process,,"INR 750 - INR 2,550",https://brootcoffee.com/products/dark-matter
Broot Coffee Roasters,NYOTA,Light / Omni Roast,"Filter: Red currant, citrus peel, honeyed sweetness, crisp finish; Espresso: Berry-forward, lively acidity, caramel depth","Kiambu, Kenya",,Washed,1600-1800 MASL,"INR 1,550 - INR 4,950",https://brootcoffee.com/products/nyota
Broot Coffee Roasters,CULTURED 42,Light Roast (filter focused),"Filter: Green apple, lime zest, floral lift, pastry-like sweetness; Espresso: Caramel, almond cream, citrus peel","Kerehaklu Estate, India",SLN9,"42hr Anoxic Washed, Inoculated Fermentation",,"INR 1,150 - INR 3,900",https://brootcoffee.com/products/cultured-42
Broot Coffee Roasters,RATNAGIRI NATURAL CUT,Medium Roast,"Fruity, jammy, wild; juicy red fruits, syrupy sweetness, heavy body, slightly funky finish","Ratnagiri Estate, India",SLN 9,Natural,,"INR 900 - INR 3,150",https://brootcoffee.com/products/ratnagiri-natural-cut-1
Broot Coffee Roasters,RATNAGIRI WASHED CUT,Medium Roast,"Clean, structured, cocoa-forward; soft cocoa, toasted sweetness, mild brightness, smooth finish","Ratnagiri Estate, India",SLN 9,Washed,,"INR 900 - INR 3,150",https://brootcoffee.com/products/ratnagiri-washed-cut
Broot Coffee Roasters,HOUSE NO. 02,Medium to Medium Dark Roast,"Warm cocoa, brown sugar, familiar finish; smooth, full-bodied, low to medium acidity","Chikamagalur and Kaimara, India",Arabica blend,Washed base with arabica cherry and natural sweetness from Kaimara,,"INR 830 - INR 2,900",https://brootcoffee.com/products/grindstone-copy
Broot Coffee Roasters,GRINDSTONE,Medium Dark Roast,"Dark Chocolate, Roasted Nuts, Jaggery Sweetness",,"Washed Arabica, Canephora",Washed Arabica and Canephora blend,,"INR 550 - INR 1,870",https://brootcoffee.com/products/grindstone
Broot Coffee Roasters,MIDNIGHT EQUATOR,Medium Omni Roast,"Filter: Black cherry, plum, pomegranate, caramelized sugar, cocoa nib; Espresso: dark chocolate, stewed berry, brown sugar",Uganda,,Carbonic Maceration Natural,,"INR 1,250",https://brootcoffee.com/products/midnight-equator
Broot Coffee Roasters,COZY COOKIE,Medium Omni Roast,"Filter: Cocoa, roasted nuts, soft vanilla; Espresso: Caramel cookie, chocolate-forward body, malted vanilla","Yirgacheffe, Ethiopia",Mixed Heirloom,Washed,,"INR 950 - INR 3,000",https://brootcoffee.com/products/cozy-cookie
Broot Coffee Roasters,JUNGLE JAM,Medium-Light Roast,"Tropical fruit, candied jackfruit, raisin, date sweetness","Kaimara Belt, Chikmagalur, Karnataka",SLN 795,Natural,1000-1250 MASL,"INR 1,249 - INR 4,850",https://brootcoffee.com/products/the-kaimara-belt-natural-process
Broot Coffee Roasters,VELVET HARMONY,,"Toasted Nuts, Mild Cocoa, Brown Sugar",,,,,"INR 730 - INR 2,555",https://brootcoffee.com/products/velvet-harmony-home-cafe-blend-1
Broot Coffee Roasters,DARK HONEY,Medium Roast,"Honeyed Apricot, Dried Figs, Wildflower Nectar","Unnaki Estate, Chikmagalur, Karnataka, India",SLN 795; 100% Arabica,Dark Honey,4000-4700 ft,"INR 875 - INR 3,060",https://brootcoffee.com/products/unnaki-estate-dark-honey
Broot Coffee Roasters,SUNBURST CHILL,,"Blood Orange, Jasmine Tea, Honey-drizzled Pear","Chikamagalur, Karnataka, India",100% Arabica,Washed,3500-5000 ft,"INR 870 - INR 3,045",https://brootcoffee.com/products/sunburst-chill-specialty-cold-brew-blend
Broot Coffee Roasters,BRUTE FORCE,Dark Roast,"Burnt Caramel, Hazelnut Butter, Whiskey-like Depth","Chikamagalur, Karnataka, India",100% Specialty Arabica,Washed & Natural,3500-5000 ft,"INR 975 - INR 3,410",https://brootcoffee.com/products/brute-force-specialty-espresso-blend-dark
Broot Coffee Roasters,CANDY PARADOX,Medium-Dark Roast,"Spiced Caramel, Candied Jackfruit, Marshmallow Cream","Kaimara Belt, Chikmagalur, India",SLN 795 - AA Grade,Fully Washed - Clean & Vibrant,,"INR 870 - INR 3,465",https://brootcoffee.com/products/the-kaimara-belt-washed-aa
Broot Coffee Roasters,DRIFTWOOD,Medium Roast,"Filter: Cocoa nibs, toasted nuts, wet wood; Espresso: Dark chocolate, raisin, tobacco sweetness","Chikkamagalur, Karnataka",SLN 795,Traditional Monsooning,1200 MSL,"INR 750 - INR 2,500",https://brootcoffee.com/products/monsoon-malabar
Broot Coffee Roasters,CITRUS CIRCUS,Medium Omni Roast,"Filter: Orange candy, raisin jam, brown sugar, mixed berries, citrus peel; Espresso: marmalade, brown sugar, jammy fruit, soft berry acidity","Koraput, Odisha",795,Red Honey,,"INR 950 - INR 3,000",https://brootcoffee.com/products/citrus-circus
Broot Coffee Roasters,AMBER BLAZE,,"Caramelized Honey, Almond Praline, Red Apple","Unnaki Estate, Kaimara Estate, Melkodige Estate",,Honey & Washed,3400-4800 ft,"INR 855 - INR 2,990",https://brootcoffee.com/products/amber-blaze
Broot Coffee Roasters,Jam Jar,Medium Roast,"Filter: Juicy jam-forward cup, honeyed sweetness, cocoa finish; Espresso: Strawberry jam, dark fudge, panela sweetness, soft floral lift","Lam Dong, Vietnam",Typica,Natural,,"INR 950 - INR 3,000",https://brootcoffee.com/products/jam-jar
Broot Coffee Roasters,RATATONE,Medium-Light Roast,"Fragrant rose and jasmine, pomegranate, peach, dragon fruit","Ratnagiri Estate, Chikmagalur, Karnataka",Catuai,54-hour Culture Natural (Lactic Fermentation),4300 ft,"INR 1,249 - INR 4,850",https://brootcoffee.com/products/ratnagiri-estate-culture-natural
Broot Coffee Roasters,PURE ELEGANCE,Light Roast,"Delicate Caramel, Floral Hints, Light Roast Crispness",,,,,"INR 730 - INR 2,555",https://brootcoffee.com/products/pure-elegance-home-cafe-blend
Broot Coffee Roasters,MOJITO,Medium-Light Roast,"Cocoa, raisin, sweet lime, cacao nib, dried dates","Melkodige Estate, Chikmagalur, Karnataka",SL9,"EM5 anaerobic natural (74-hour submerged ferment); dried 15 days on raised, shaded beds",4200 ft MSL,"INR 1,170 - INR 4,095",https://brootcoffee.com/products/melkodige-em5
Broot Coffee Roasters,GOLDEN TITAN,,"Honeycomb, Roasted Almonds, Cocoa Powder, Toffee","Chikamagalur, Karnataka, India",100% Specialty Arabica,Washed & Natural,3500-5000 ft,"INR 890 - INR 3,115",https://brootcoffee.com/products/golden-titan-specialty-espresso-blend
Broot Coffee Roasters,BARBARA'S BAKERY,Medium to Medium-Dark Roast,"Sweet Caramel, Cookie Crunch, Vanilla Malt Milkshake","Baarbara Estate, Chikmagalur, Karnataka, India",SLN 795,Fully Washed - Precision & Purity,,"INR 895 - INR 3,130",https://brootcoffee.com/products/baarbara-estate-washed
Bili Hu,Wild Fig Co-Ferment,Medium Roast,"Whole Beans - Rum & Raisins, Brown Sugar & Dried Berries Medium Acidity, Full Body; French Press - Caramelized Honey, Winey & Apricot, Medium Acidity, Medium Body; Pour Over - Rose, Raspberry, Lime, Medium Acidity, Medium Body; Mokapot / Percolator - Winey, Dried Berries, Roasted Nuts Medium Acidity, Full Body; Espresso - Roasted Almonds, Peach & Apricot, Medium Acidity, Medium Body; Aeropress - Nutmeg, Black Grapes, Medium Acidity, Full Body","Kalledevarapura Estate, Bababudangiri, Chikmagalur",Chandragiri Arabica Beans,"Wild Fig Co-Ferment, Washed Arabica",,"INR 1,275",https://bilihu.in/collections/micro-lots/products/wild-fig-co-ferment
Bili Hu,Black Honey Vienna Roast,Vienna Dark Roast,"Whole Beans - Cocoa Bitters, Spiced Rum, Caramelised Peppers, Medium Acidity, Full Body; French Press - Star Anise, Caramelized Honey, Winey, Medium Acidity, Full Body; Pour Over - Overripe Cherry & Grapes, Hint of Coconut, Medium Acidity, Medium Body; Mokapot / Percolator - Winey, Black Grapes, Medium Acidity, Full Body; Espresso - Dried Peach, Fermented Berries, Buttery, Medium Acidity, Full Body; Aeropress - Dark Chocolate, Maple Syrup, Hint of Spices, Medium Acidity, Full Body","Kalledevarapura Estate, Bababudangiri, Chikmagalur",SLN 13 Arabica Beans,"720 hours Extended Fermentation, Black Honey Sun Dried Arabicas",,"INR 1,095",https://bilihu.in/collections/micro-lots/products/black-honey-vienna-roast
Bili Hu,Anaerobic Arabica Naturals,Medium Roast,"Whole Beans - Candied Mango, Apricot, Medium Acidity, Full Body; French Press - Passionfruit, Winey & Apricot, Low Acidity, Medium Body; Pour Over - Tangy Tamarind Fruit, Hint of Cinnamon & Cloves, Medium Acidity, Medium Body; Mokapot / Percolator - Black Grapes, Roasted Nuts & Jaggery, Medium Acidity, Full Body; Espresso - Peach & Apricot, Medium Acidity, Medium Body; Aeropress - Cacao, Malt, Black Currant, Green Grapes, Low Acidity, Full Body","Kalledevarapura Estate, Bababudangiri, Chikmagalur",SLN 9 Arabica Beans,Anaerobic Natural,,"INR 1,275",https://bilihu.in/collections/micro-lots/products/lot-19-kdp
Bili Hu,Rum Barrel Aged Coffee,Medium Roast,"Whole Beans - Apple Crumble, Soaked Raisins, Medium Acidity, Full Body","Chikmagalur, Karnataka",Arabica Beans,Washed,,"INR 1,800 - INR 3,600",https://bilihu.in/collections/micro-lots/products/rum-barrel-aged-coffee-1
Bili Hu,Whiskey Barrel Aged Coffee,Medium Roast,"Whole Beans - Irish Cream, Single Malt, Green Apple, Medium Acidity, Full Body; Cold Brew - Irish Whiskey, Hints of Oak and Vanilla, Medium Acidity, Medium Body","Chikmagalur, Karnataka",Arabica Beans,Washed,,"INR 1,800 - INR 3,600",https://bilihu.in/collections/micro-lots/products/whiskey-barrel-aged-coffee
Bili Hu,Mysore Nuggets Extra Bold,Medium Roast,"Whole Beans - Spices, Chocolate, Medium Acidity, Full Body, Lingering After-taste; French Press - Spices, Bell Peppers, Medium Acidity, Full Body; Pour Over / Drip Filter - Cacao, Bell Peppers, Medium Acidity, Full Body; Mokapot / Percolator - Sweetened Chocolate, Low Acidity, Full Body; Espresso - Milk Chocolate, Spices, Lingering After-taste, Medium Acidity, Full Body, Bright Balance Cup; Aeropress - Milk Chocolate, Spices, Bell Peppers, Medium Acidity, Full Body","Chikmagalur, Karnataka",Arabica Beans,Washed,,"INR 749 - INR 2,100",https://bilihu.in/collections/micro-lots/products/mysore-nuggets-extra-bold
Bili Hu,Monsooned Malabar,Medium-Light Roast,"Whole Beans - Roasted Nuts, Dates Aftertaste, Earthy Aroma, Aroma of wood, Neutral Acidity, Medium Body; French Press - Petrichor, Buttery Mouthfeel, Medium Acidity, Full Body; Drip filter - Petrichor, Raisin-like Mellow Sweetness, Overall Bright Cup, Medium Acidity, Full Body; Mokapot / Percolator - Earthy, Aroma of Wood, Jaggery-like Sweet After-taste, Low Acidity, Medium Body; Espresso - Earthy, Nutty, Jaggery, Sweet After-taste, Neutral Acidity, Medium Body, Bright Balanced Cup; Aeropress - Roasted Peanuts, Earthy Aroma, Neutral Acidity, Medium Body","Chikmagalur, Karnataka",AA Arabica Beans,"Unwashed, Monsooned",,"INR 749 - INR 2,250",https://bilihu.in/collections/micro-lots/products/monsooned-malabar
Bili Hu,Colombian Decaf Coffee,Omni Roast,"Whole Beans - Butter Cookies, Blood Orange, Raisins, Medium Acidity, Medium Body",Colombia,Arabica Beans,Dichloromethane Process,,"INR 1,750",https://bilihu.in/collections/micro-lots/products/colombian-decaf-coffee
Bili Hu,Aghora Estate,Medium Roast,"Whole Beans - Trail Mix, Dried Raisins, Jaggery Sweetness, Low Acidity, Full Body; French Press - Dates, Roasted Nuts, Medium Acidity, Medium Body; Drip filter - Sweet Lime, White Chocolate, Medium Acidity, Full Body; Mokapot / Percolator - Jaggery, Milk Chocolate, Medium Acidity, Full Body; Espresso - Sweet Lime, Salted Roasted Nuts, Low Acidity, Full Body; Aeropress - Zesty Lime, White Chocolate, Medium Acidity, Full Body","Aghora Estate, Chikmagalur, Karnataka",Arabica Beans,Washed,1050-1100 m,"INR 749 - INR 1,890",https://bilihu.in/collections/single-origins/products/aghora-estate-1
Bili Hu,Balur Estate,Medium Roast,"Whole Beans - Nutty, Milk Chocolate, Caramel, Medium Acidity, Full Body; French Press - Caramel, Dark Chocolate, Moderate Acidity, Full Body; Drip Filter - Walnuts, Salted caramel, Cleaner- Lighter finish cup, Medium Acidity, Full Body; Mokapot / Percolator - Bold, Dark Chocolate, Nutty, Caramel, Moderate Acidity, Full Body; Espresso - Sweet Berries, Black Grapes, Medium Acidity, Full Body; Aeropress - Bright, with prominent Berry Acidity, Caramel, Smooth body with clean, chocolatey sweetness","Balur Estate, Chikmagalur, Karnataka",Arabica Beans,Red Honey sun-dried,,"INR 749 - INR 2,400",https://bilihu.in/collections/single-origins/products/single-estate-coffee-balur
Bili Hu,Balur Estate (Dark Roast),Dark Roast,"Whole Beans - Cocoa, Smoky, Cherry-like Aftertaste, Low Acidity, Full Body; French Press - Caramel, Cinnamon, Moderate Acidity, Full Body; Drip Filter - Walnuts, Grapefruit, Cleaner- Lighter finish cup, Medium Acidity, Full Body; Mokapot / Percolator - Bold, Dark Chocolate, Caramel, Moderate Acidity, Full Body; Espresso - Milk Chocolate, Black Grapes, Medium Acidity, Full Body; Aeropress - Bright, with prominent Berry Acidity, Caramel, Smooth body with clean, chocolatey sweetness","Balur Estate, Chikmagalur, Karnataka",Arabica Beans,Red Honey sun-dried,,"INR 849 - INR 2,749",https://bilihu.in/collections/single-origins/products/balur-estate-dark-roast
Bili Hu,Balur Estate - Robusta,Medium Roast,"Whole Beans - Roasted Popcorn, Dark Chocolate, Medium Acidity, Full Body; French Press - Caramel Sweetness, Roasted Popcorn, Medium Acidity, Medium Body; Drip Filter - Salted Caramel, Roasted Nuts, Mild Acidity and Body; Mokapot / Percolator - Nutty, Sweet lingering aftertaste, Caramel Sweetness, Full Body, Medium Acidity; Espresso - Caramel Popcorn, Sweet Berries like after-taste, Full Body, Medium acidity; Aeropress - Popcorn flavor with Caramel sweetness, Medium Acidity with smooth, light finish","Balur Estate, Chikmagalur, Karnataka",Robusta Beans,Washed,,INR 649,https://bilihu.in/collections/single-origins/products/balur-estate-robusta-pulp-sundried
Bili Hu,Kalledevarapura Estate,Medium Roast,"Whole Beans - Milk Chocolate, Oranges, Medium Acidity, Full Body; French Press - Chocolates, Oranges, Sweet-Aftertaste, Medium Acidity, Full Body; Drip filter - Chocolate, Buttery Mouthfeel, Jaggery-like Sweetness, Medium Acidity, Full Body; Mokapot / Percolator - Milk Chocolate, Jaggery-like Sweetness, Medium Acidity, Full Body; Espresso - Milk Chocolate, Sweet, Citrus Caramel finish, Medium Acidity, Full Body; Aeropress - Sweet Oranges, Dark Chocolate, Medium Acidity, Full Body","Kalledevarapura Estate, Chikmagalur, Karnataka",Arabica Beans,Washed,,"INR 749 - INR 2,400",https://bilihu.in/collections/single-origins/products/kalledevarapura-estate
Bili Hu,Arabica Blend (Dark Roast),Dark Roast,"Whole Beans - Co cao, Smoky, Cherry-like Aftertaste, Low Acidity, Full Body .; French Press - Maple Syrup, Cinnamon, Smoky, Low Acidity, Full Body.; Drip filter - Peaches, Dried Nuts, Dark Chocolate, Medium Acidity, Medium Body.; Mokapot / Percolator - Grapefruit, Smoky, Bright Balanced Cup, Medium Acidity, Full Body.; Espresso - Dark Chocolate, Almonds, Lingering Sweet After-taste, Low Acidity, Full Body, Bright balanced cup .; Aeropress - Milk Chocolate, Fermented Berries-like Aftertaste, Medium Acidity, Full Body.","Chikmagalur, Karnataka",Arabica Beans,Washed & Red Honey Sun-dried,,"INR 749 - INR 2,265",https://bilihu.in/collections/blends/products/arabica-blend-dark-roast
Bili Hu,Arabica Blend (Medium Roast),Medium Roast,"Whole Beans - Sweet Berries, Roasted Nuts, No Bitterness, Low Acidity, Full Body.; French Press - Chocolate, Nutty, Berry-like Sweet Aftertaste, Low Acidity, Full Body.; Drip filter - Sweet Cherries, Dried Nuts, Medium Acidity, Medium Body.; Mokapot / Percolator - Sweet Cherries, Nutty-taste, Medium Acidity, Medium Body.; Espresso - Date Jaggery, Roasted Peanuts, Low Acidity, Full Body, Bright balanced cup.; Aeropress - Milk Chocolate, Fermented Berries-like Aftertaste, Medium Acidity, Full Body","Chikmagalur, Karnataka",Arabica Beans,Washed & Red Honey Sun-dried,,"INR 649 - INR 2,265",https://bilihu.in/collections/blends/products/arabica-blend-medium-roast
Bili Hu,Cold Brew Blend,Medium Roast,"Less Bitter, Smoother, Chocolaty; Dark Chocolate, hint of caramel; full-bodied, flavorful, low acidity when brewed cold","Chikmagalur, Karnataka",Arabica and Robusta Beans,,,INR 649,https://bilihu.in/collections/blends/products/cold-brew-blend-1
Bili Hu,70 30 Arabica Robusta Blend,Medium Roast,"Whole Beans - Dark Chocolate, Roasted Nuts, Maple syrup, Medium Acidity, Full Body.; French Press - Dark Chocolate, Bitter Sweet Almonds, Medium Acidity, Full Body.; Drip filter - Walnuts, Salted caramel, Medium Acidity, Full Body.; Mokapot / Percolator - Dark Chocolate, Roasted Nuts, Medium Acidity, Full Body.; Home Espresso - Dark Chocolate, Honey-coated Almonds, Medium Acidity, Full Body.; Aeropress - Roasted Nuts, Bittersweet Chocolate, Medium Acidity, Full Body.","Kalledevarapura Estate and Balur Estate, Chikmagalur, Karnataka",Arabica & Robusta Beans,Washed,,"INR 649 - INR 2,100",https://bilihu.in/collections/blends/products/70-30-arabica-robusta-blend
Bili Hu,80 20 Arabica Robusta Blend,Medium Roast,"Whole Beans - Dark Chocolate, Roasted Nuts, Maple Syrup, Medium Acidity, Full Body; French Press - Dark Chocolate, Bitter Sweet Almonds, Medium Acidity, Full Body; Drip filter - Walnuts, Salted caramel, Medium Acidity, Full Body; Mokapot / Percolator - Dark Chocolate, Roasted Nuts, Medium Acidity, Full Body; Espresso - Dark Chocolate, Honey coated almonds, Medium Acidity, Full Body; Aeropress - Roasted Nuts, Bittersweet Chocolate, Medium Acidity, Full Body","Chikmagalur, Karnataka",Arabica & Robusta Beans,Washed,,"INR 649 - INR 2,100",https://bilihu.in/collections/blends/products/80-20-arabica-robusta-blend
Bili Hu,Vietnamese Style Coffee Blend,Medium Dark Roast,"Sweet taste, chocolatey undertones; designed for hot or iced Vietnamese-style coffee with condensed milk","Chikmagalur, Karnataka",Robusta and Arabica Beans,,,INR 649,https://bilihu.in/collections/blends/products/vietnamese-style-coffee-blend
Caarabi Coffee Roasters,'Man On Mars' Blend,Medium Roast,"Chocolate, Caramel, Nougat","Chikmagalur, Karnataka","Baarbara AA Washed, Gungegiri Dual Ferment Washed","Washed Arabica, Dual Fermented Washed Arabica",,INR 850,https://caarabicoffee.com/collections/shop-coffee/products/man-on-mars-blend
Caarabi Coffee Roasters,Espresso Sunshine Blend,Dark Roast,"Dark Chocolate, Oak, Vanilla.","Chikmagalur, Karnataka",Mixed Estates,"Washed, Honey Sun Dried Arabica",,INR 750,https://caarabicoffee.com/collections/shop-coffee/products/espresso-sunshine-blend
Caarabi Coffee Roasters,Baarbara Washed AA,Medium Dark Roast,"Milk Chocolate, Cherry, Black Raisins","Baarbara Estate, Chikmagalur, Karnataka",Arabica SL795,Washed Arabica,3850-5350 feet above sea level,INR 800,https://caarabicoffee.com/collections/shop-coffee/products/baarbara-washed-aa
Caarabi Coffee Roasters,Ratnagiri Estate- Rum Barrel Aged,Medium-Light Roast,"Rum Like, Oak, Caramel, Vanilla","Ratnagiri Estate, Chikmagalur, Karnataka",Arabica Catuai,Anaerobic Fermented; Rum Barrel Aged,,"INR 1,750",https://caarabicoffee.com/collections/shop-coffee/products/ratnagiri-estaterum-barrel-aged-coffee
Caarabi Coffee Roasters,Ratnagiri Estate-  Whiskey Barrel Aged,Medium Roast,"Malt, Berry Compote, Caramel, Liquorice","Ratnagiri Estate, Chikmagalur, Karnataka",Cauvery,Whiskey Barrel Aged Natural,,"INR 1,750",https://caarabicoffee.com/collections/shop-coffee/products/ratnagiri-estate-whiskey-barrel-aged
Caarabi Coffee Roasters,Vienna Roast,Extra Dark - Vienna Roast,"Toasted Almond, Oak, Caramel sweetness","Chikmagalur, Karnataka",Mixed Estates,"Washed Arabica, Honey Sun Dried Arabica",,INR 800,https://caarabicoffee.com/collections/shop-coffee/products/vienna-roast
Caarabi Coffee Roasters,Melkodige Estate - Wine Yeast Fermented Anaerobic Naturals,Light-Medium Roast,"Grapes, Chocolate, Figs, Mango, Jackfruit","Melkodige Estate, Kudremukh Biosphere, Western Ghats, Karnataka",Arabica Mk Star – SLN 5,Anaerobic Natural (Wine Yeast Fermentation),,"INR 1,250",https://caarabicoffee.com/collections/shop-coffee/products/melkodige-esate-wine-yeast-fermented-anaerobic-naturals
Caarabi Coffee Roasters,SPECIALTY BLEND DUO,Medium to Medium-Dark Roast,CHOCOLATE • BROWN SPICE • MOLASSES SWEETNESS • TOASTED NUTS • FULL BODY,,"Man On Mars, Cosy AF",,,"INR 1,499",https://caarabicoffee.com/collections/shop-coffee/products/specialty-blend-duo
Caarabi Coffee Roasters,Attikan Estate - Cultured Naturals,Light Roast,"Strawberry, Red Wine, Black Grapes, Chamomile","Attikan Estate, Biligiri Hills, Karnataka","SLN 9, HDT*Catuai",Cultured Naturals (Lactobacillus + Pichia Fermentation),,"INR 1,250",https://caarabicoffee.com/collections/shop-coffee/products/attikan-estate-cultured-naturals
Caarabi Coffee Roasters,French Roast,Ultra Dark - French Roast,"Smoky, Bold, sweet finish.","Chikmagalur, Karnataka",Baarbara & Thogarihunkal,"Washed AA Arabica, Honey Sun Dried Arabica",,INR 800,https://caarabicoffee.com/collections/shop-coffee/products/french-roast
Caarabi Coffee Roasters,Cosy AF,Medium Roast,"Brown Spice, Toasted Almond, Licorice, Jasmine, Dark Chocolate, Molasses","Chikmagalur & Sakleshpur, Karnataka","Karadykan Dual Fermented, Ram Estate Anaerobic Honey, Ratnagiri Culture Naturals","Dual Fermented Arabica, Anaerobic Honey Arabica, Cultured Naturals",,INR 950,https://caarabicoffee.com/collections/shop-coffee/products/cosy-af
Caarabi Coffee Roasters,Melkodige Estate - Chandragiri Washed,Medium Roast,"Coconut, Gooseberries, Milk Chocolate, Lemon Zest","Melkodige Estate, Kudremukh Biosphere, Western Ghats, Karnataka",Arabica Chandragiri,Washed,4000 feet above sea level,INR 900,https://caarabicoffee.com/collections/shop-coffee/products/melkodige-estate-chandragiri-washed
Caarabi Coffee Roasters,RATNAGIRI ESTATE- YEAST CARBONIC NATURALS,Light Roast,"Lemon Peel, Red Grapes, Mulberry, Nougat Sweet Finish","Ratnagiri Estate, Bababudangiri, Karnataka",Arabica (Mixed),Yeast Carbonic Naturals,,"INR 1,350",https://caarabicoffee.com/collections/shop-coffee/products/ratnagiri-estate-yeast-carbonic-naturals
Caarabi Coffee Roasters,Colombia Decaf,Medium Roast,"Cascara Tea, Cape Gooseberry, Orange",Colombia,Various,Decaf CO2,4700 to 5600 feet above sea level,"INR 2,150",https://caarabicoffee.com/collections/shop-coffee/products/colombia-decaf
Caarabi Coffee Roasters,YC CULTURE NATURALS — RATNAGIRI ESTATE,Light Roast,"JASMINE, ORANGE BLOSSOM, BANANA, CASCARA, PEPPERMINT","Ratnagiri Estate, BABABUDANGIRI, KARNATAKA",,YC Culture Naturals,,"INR 1,350",https://caarabicoffee.com/collections/shop-coffee/products/yc-culture-naturals-ratnagiri-estate
Caarabi Coffee Roasters,Ratnagiri Estate - Lab Room Naturals,Medium Roast,"Sour Grape, Blackcurrant, Gooseberry, Clove","Ratnagiri Estate, India",RT-RG-5/5,"Washed Arabica, Dual Fermented Washed Arabica",1300–1600 MASL,"INR 1,250",https://caarabicoffee.com/collections/shop-coffee/products/ratnagiri-estate-lab-room-naturals
Caarabi Coffee Roasters,BAARBARA WHISKEY BARREL AGED,Medium Roast,"Sweet Cereal, Cacao Nibs, Oak, Pecan, Winey","Baarbara Estate, Chikmagalur, Karnataka",,Whiskey Barrel Aged,,"INR 1,350",https://caarabicoffee.com/collections/shop-coffee/products/baarbara-whiskey-barrel-aged
Caarabi Coffee Roasters,BAARBARA RUM BARREL AGED,Medium Roast,"Rum, Molasses, Raisins; dark fruit, boozy, smooth finish","Baarbara Estate, Chikmagalur, Karnataka",,Rum Barrel Aged,,"INR 1,350",https://caarabicoffee.com/collections/shop-coffee/products/baarbara-rum-barrel-aged
Caarabi Coffee Roasters,Nagaland Washed,Medium Roast,"Toffee, Pecan, Wild Berry; chocolate at the start, fruity through the middle, caramel on the finish","Peren, Nagaland","SL9, Kaveri",Washed Arabica,,INR 950,https://caarabicoffee.com/collections/shop-coffee/products/thailand-chiang-rai-mae-suai-rom-yen-usda-certified-organic-coffee-beans-single-origin-copy
Caarabi Coffee Roasters,BAARBARA BRANDY BARREL AGED,Medium Roast,"Boozy Berry, Oak, Caramelised Finish","Baarbara Estate, Chikmagalur, Karnataka",,Brandy Barrel Aged,,"INR 1,350",https://caarabicoffee.com/collections/shop-coffee/products/baarbara-brandy-barrel-aged
Coffeeverse,Excelsa community,Light Roast,"Dry Dates , Ripe Banana , Black Currant","Mooley Manay Estate, Coorg, Karnataka",Excelsa,Naturals,,INR 975,https://coffeeverse.in/products/exelsa-community
Coffeeverse,Raxidi Naturals,Light Plus Roast,"Pear , Red Apples , Golden Raisins","Raxidi Lobo Estate, Sakleshpur, Karnataka",SL5B; Arabica,Anaerobic Naturals,950-1000 meters,INR 975,https://coffeeverse.in/products/w1-lobo-estate
Coffeeverse,84 Hours Anoxic Naturals,Light Plus Roast,"Dried Fig , Red Cherry , Nutmeg","Sai Ashirwad Estate, Chikmagalur",CxR; Robusta,84hrs Anoxic Naturals,,INR 750,https://coffeeverse.in/products/84-hours-axoxic-naturals
Coffeeverse,Sandalkad Yeast Intenso,Light Roast,"Amber Honey , Mulberries , Peach Molasses",Sandalkad Estate,"Chandragiri,SL9,SL6; Arabica",72-hour Yeast Intenso Anaerobic Naturals,,INR 975,https://coffeeverse.in/products/sandalkad-honey-yeast-intenso
Coffeeverse,Sandalkad Herb Fermented,Light Roast,"Sugarcane , Dried Coconut , Toffee",Sandalkad Estate,"SLN795,SL9,SL6; Arabica",72hrs Anaerobic Naturals,,INR 975,https://coffeeverse.in/products/sandalkad-herb-fermented
Coffeeverse,Sandalkad Sugar and Salt,Light Roast,"Kiwi , Passionfruit , Pomegranate",Sandalkad Estate,prestigious Chandragiri SL 9; Arabica,96hrs Anaerobic Naturals,,INR 975,https://coffeeverse.in/products/sandalkad-sugar-and-salt
Coffeeverse,Wild Flower,Light Roast,"Amarena Cherry , White Tea , Malt Candy",Attikan Estate,SLN 795; Arabica,Honey Sun Dried,,INR 975,https://coffeeverse.in/products/wild-flower
Coffeeverse,Melkodige Mk Star Aerobic,Light Plus Roast,"Apricot , Pomegranate , Strawberry Jam",Melkodige Estate,Obata; Arabica,Aerobic Naturals,,INR 975,https://coffeeverse.in/products/melkodige-mk-star-aerobic
Coffeeverse,Melkodige Anaerobic,Light Roast,"Sapodilla , Peach , Red Cherry",Melkodige Estate,SLN 9; Arabica,72hrs Anaerobic Naturals,,INR 975,https://coffeeverse.in/products/melkodige-sln-9-anaerobic-1
Coffeeverse,Microbe Magic,Light Plus Roast,"Muscovado , White Peach , Dried Apricot",Ratnagiri Estate,Catuai; Arabica,Lab process,4425 feet,"INR 1,100",https://coffeeverse.in/products/microbe-magic
Coffeeverse,Citrus Elixir,Light Roast,"Orange , Golden Berry , Yuzu",Ratnagiri Estate,Catuai; Arabica,Anaerobic Fermented,4450 feet,"INR 1,100",https://coffeeverse.in/products/citrus-elixir
Coffeeverse,Praline Symphony,Light Roast,"Cocoa , Brown Sugar , Almond",Ratnagiri Estate,Catuai; Arabica,72-hour fermented natural process,4425 feet,"INR 1,100",https://coffeeverse.in/products/praline-symphony
Coffeeverse,Toffee Club,Light Plus Roast,"Yellow Plum , Jaggery , Medjool Date",Ratnagiri Estate,Hemavathi; Arabica,Lab Process,4325 feet,"INR 1,100",https://coffeeverse.in/products/toffee-club
Coffeeverse,The Lacto Project,Light Roast,"Green Grapes , Sweet lime , Red Raisins",Ratnagiri Estate,Hemavathi; Arabica,Carbonic maceration,4500 feet,"INR 1,100",https://coffeeverse.in/products/the-lacto-project
Coffeeverse,Carbonic Candy,Light Roast,"Rambutan , Pomegranate , Strawberry Bubblegum",Ratnagiri Estate,SLN 9; Arabica,Culture Process,4400 feet,"INR 1,100",https://coffeeverse.in/products/carbonic-candy
Coffeeverse,RC-7 Naturals,Light Plus Roast,"Red Apple , Dried Pineapple , Cran-Grape",Ratnagiri Estate,Hemavathi; Arabica,60hrs Anaerobic Naturals,4450 feet,"INR 1,100",https://coffeeverse.in/products/rc-7-naturals
Coffeeverse,Kenyan Washed,Medium Roast,"Orange Candy , Jaggery , Fig Jam","Nyeri, Central Province Estate",Arabica,Double Washed,,"INR 2,250",https://coffeeverse.in/products/kenyan-washed
Coffeeverse,Ratnagiri AAA Washed,Medium Roast,"Clove , Toffee , Blackcurrant",Ratnagiri Estate,Arabica,Washed,,INR 950,https://coffeeverse.in/products/ratnagiri-aaa-washed
Coffeeverse,Dark Room Naturals,Medium Light Roast,"Red Globe , Pink Guava , Blackberries",Ratnagiri Estate,Arabica,Thermal Shock / Dark Room,,"INR 1,100",https://coffeeverse.in/products/dark-room-naturals
Coffeeverse,Hydro Honey,Medium Light Roast,"Apricot , Honeydew Melon , Black Raisin",Ratnagiri Estate,Arabica,Thermal Shock/Honey,,"INR 1,100",https://coffeeverse.in/products/hydro-honey
Coffeeverse,Thermal Shock,Medium Light Roast,"Pear , Green Apple Candy , Blackberry",Ratnagiri Estate,Arabica,72hrs Thermal Shock Naturals,,"INR 1,100",https://coffeeverse.in/products/thermal-shock
Coffeeverse,Blossom Washed,Light Roast,"Java Apple , Wild Honey , Litchi",Ratnagiri Estate,Catuai; Arabica,Carbonic 90Hrs Sequential Yeast Culture Washed,"4,300 feet","INR 1,100",https://coffeeverse.in/products/blossom-washed
Coffeeverse,Culture Process,Medium Roast,"Earl Grey , Marigold , Peach Candy",Ratnagiri Estate,Catuai; Arabica,Culture Process,"4,400 feet","INR 1,100",https://coffeeverse.in/products/culture-process
Coffeeverse,BeWild Canephora,Medium Light Roast,"Dark Chocolate , Roasted Walnut , Clove",Poomale Estate,Robusta,Anoxic Naturals,,"INR 1,000",https://coffeeverse.in/products/bewild-canephora
Coffeeverse,Anugraha Slow Dried Naturals,Medium Light Roast,"Cola , Malt , Black Tea",Anugraha Estate,Arabica,Slow Sundried Naturals,,"INR 1,000",https://coffeeverse.in/products/anugraha-slow-dried-naturals
Coffeeverse,Koraput Black Honey,Medium Light Roast,"Toffee , Honeysuckle , Apricot",Koraput Estate,Arabica,Black Honey,,"INR 1,000",https://coffeeverse.in/products/koraput-black-honey
Coffeeverse,Kolli Berri Naturals,Medium Light Roast,"Dried Pineapple , Banana , Bergamot",Kolli Berri Estate,Arabica,Anaerobic Naturals,,"INR 1,000",https://coffeeverse.in/products/kolli-berri-naturals
Coffeeverse,Krishnagiri Honey,Medium Light Roast,"Black Raisin , Maple Syrup , Nectar",Krishnagiri Estate,Arabica,Red Honey,,"INR 1,000",https://coffeeverse.in/products/krishnagiri-honey
Coffeeverse,Sugar Fermented Naturals,Medium Light Roast,"Black Raisin , Milk Chocolate , Yellow Plum",Gungegiri Estate,Arabica,Sugar Fermented Naturals,,"INR 1,000",https://coffeeverse.in/products/sugar-fermented-naturals
Coffeeverse,Lot 89,Medium Light Roast,"Jaggery , Green Grape , Maple Syrup",Karadykan Estate,Arabica,Saccharmoyces Yeast Naturals,,"INR 1,000",https://coffeeverse.in/products/lot-89
Coffeeverse,Riverdale Washed,Medium Roast,"Nougat Toffee , Cinnamon",Riverdale Estate,Arabica,Washed,,INR 900,https://coffeeverse.in/products/riverdale-washed
Coffeeverse,Flowerette Naturals,Medium Light Roast,"Apricot Peach Red Cherry , Floral",Riverdale Estate,Arabica,Naturals,,"INR 1,100",https://coffeeverse.in/products/flowerette-naturals
Coffeeverse,Red Fruit Naturals,Medium Light Roast,"Papaya , Fig , Raspberry Jam",Riverdale Estate,Arabica,Red Fruits Naturals,,"INR 1,100",https://coffeeverse.in/products/red-fruit-naturals
Coffeeverse,Nitrogen Naturals,,"Mixed Berries , Molasses , Peach",Ratnagiri Estate,Arabica,Anaerobic fermentation with lab-cultured yeast in nitrogen-filled bio-fermenters; natural dried,,"INR 1,075",https://coffeeverse.in/products/nitrogen-naturals
Coffeeverse,Sirangalli Honey,Medium Light Roast,"Tender Coconut , Apricot , Jaggery , Honeysuckle",Sirangalli Estate,Arabica,96hr Honey Sun Dried,,INR 975,https://coffeeverse.in/products/sirangalli-honey
Coffeeverse,Blossom Naturals,Medium Light Roast,"Clover Honey , Litchi , Floral , Golden Raisins",Ratnagiri Estate,Arabica,72hrs Culture Process,4400 feet,"INR 1,075",https://coffeeverse.in/products/blossom-naturals
Coffeeverse,Intense  Rum Barrel Aged Coffee,Medium Roast,"Vanilla , Purple Grapes , Blackberry",Ratnagiri Estate,Arabica,Rum Barrel Aged; natural processed,,"INR 1,275",https://coffeeverse.in/products/intense-rum-barrel
Coffeeverse,San Ramon,Medium Light Roast,"Caramel , Milk-Chocolate , Bergamot",Amruthavarshini Estate,Arabica,Honey Sun Dried; Double Anaerobic fermentation with yeast,,"INR 1,175",https://coffeeverse.in/products/san-ramon
Coffeeverse,Ratnagiri Washed,Medium Roast,"Tangerine , Dark Chocolate , Nutmeg",Ratnagiri Estate,Arabica,Washed,,INR 900,https://coffeeverse.in/products/ratnagiri-washed
Coffeeverse,Yeast Carbonic Naturals Filter Roast | Ratnagiri Estate,Medium Light Roast,"Cranberry , Prunes , Molasses",Ratnagiri Estate,Arabica,Carbonic Maceration,,"INR 1,075",https://coffeeverse.in/products/yeast-carbonic-naturals-filter-roast-ratnagiri-estate
Corridor Seven Coffee Roasters,August Rush Blend,Medium Roast,"Prunes, Soft Finish and Toasted Almonds || Roasting Profile- Espresso Profile ( Medium Roast ) || Varietal - SLN 795 and SLN9 || Altitude - 1450-1524 MASL || Process - Blended || Harvest Year- 2025 || Location - India (various parts) || 100% Arabica",India (various parts),SLN 795 & SLN9; 100% Arabica,Blended,1450-1524 MASL,"INR 800 - INR 2,760",https://corridorseven.coffee/products/august-rush
Corridor Seven Coffee Roasters,Baarbara Estate Washed Process,Medium Roast,"Caramel, Hint Of Clove and White Chocolate || Roasting Profile- Espresso Profile ( Medium Roast ) || Varietal - SLN-795 || Altitude - 1524 MASL || Process - Washed || Harvest Year - 2025 || Location - Chikmagalur || 100% Arabica",Chikmagalur,SLN-795; 100% Arabica,Washed,1524 MASL,"INR 740 - INR 2,510",https://corridorseven.coffee/products/baarbara
Corridor Seven Coffee Roasters,Barista Forte Blend,Medium Roast,"Cacao, Nutmeg and traces of Bayleaf",India (various parts),100% Arabica,Blended,1450-1524 MASL,"INR 740 - INR 2,730",https://corridorseven.coffee/products/barista-forte
Corridor Seven Coffee Roasters,Basankhan Estate,Medium Roast,"Green Apple, Muskmelon and Rounded mouthfeel",Basankhan Estate,S 795,Washed,1470 MASL,"INR 820 - INR 2,830",https://corridorseven.coffee/products/basankhan-estate
Corridor Seven Coffee Roasters,BR!M Blend,Medium Dark Roast,"Cinnamon, Roasted hazelnut and Brown sugar || Roasting Profile - Espresso || Process - Washed",,,Washed,,"INR 620 - INR 2,260",https://corridorseven.coffee/products/brim-blend
Corridor Seven Coffee Roasters,Cold Brew Blend - BOLD,Medium Dark Roast,"Dark Chocolate, Caramel and Bold || Roasting Profile - Espresso || Process- Blended || 100% Arabica",,100% Arabica,Blended,,"INR 740 - INR 2,510",https://corridorseven.coffee/products/cold-brew-blend-bold
Corridor Seven Coffee Roasters,Cold Brew Blend - Regular (March Mellow),Light to Medium Roast,"Apricot, Light Body and Orange zest || Roasting Profile- Filter ( Light To Medium Roast ) || Altitude- 1524-1650 MASL || Process- Blended || Harvest Year- 2025 || 100% Arabica",,100% Arabica,Blended,1524-1650 MASL,"INR 800 - INR 2,760",https://corridorseven.coffee/products/marching
Corridor Seven Coffee Roasters,French Roast,Dark Roast,"Bold, smokey and heavy bodied || Roasting Profile - Espresso Profile ( Dark Roast ) || Varietal - Catura || Altitude - 1260MASL || Process - Washed Arabica || Harvest Year - 2025 || Location - Chikmagalur || 100% Arabica",Chikmagalur,Catura; 100% Arabica,Washed Arabica,1260 MASL,"INR 710 - INR 2,450",https://corridorseven.coffee/products/french
Corridor Seven Coffee Roasters,LEAN Blend,Medium Dark Roast,"Medium Bodied, Hint of Cinnamon and Sweet Finish || Roasting Profile - Espresso || Process - Washed || Harvest Year- 2025 || 100% Arabica",,100% Arabica,Washed,,"INR 710 - INR 2,450",https://corridorseven.coffee/products/lean-blend
Corridor Seven Coffee Roasters,Melkodige Estate Saccharomyces 72hrs Naturals,Light Roast,"Pomegranate, Pink Guava and Golden Raisins",Melkodige Estate,Sl 9,Saccharomyces 72hrs Naturals,1280 MASL,"INR 1,110 - INR 3,865",https://corridorseven.coffee/products/melkodige-estate
Corridor Seven Coffee Roasters,Ratnagiri Estate Washed Process,Medium Roast,"Plum, Brown Sugar and Green Apple's Dryness || Roasting Profile - Espresso ( Medium Roast ) || Varietal - Catuai || Altitude - 1350 MASL || Process - Washed || Harvest Year - 2025 || 100% Arabica",Ratnagiri Estate,Catuai; 100% Arabica,Washed,1350 MASL,"INR 820 - INR 2,830",https://corridorseven.coffee/products/ratnagiri-estate-washed-process
Corridor Seven Coffee Roasters,Salawara Estate Bioreactor Naturals,Light Roast,"Spiced Mandarin Tea , Dried Apple and Cranberry",Salawara Estate,SL 795,Naturals,1050 MASL,"INR 1,070 - INR 3,730",https://corridorseven.coffee/products/salawara-estate-bioreactor-naturals
Corridor Seven Coffee Roasters,Salawara Estate Carbonic Maceration,Light Roast,"Watermelon, Orange Blossom, and Damson Plum",Salawara Estate,SL 795 + SL 6,Carbonic Maceration Naturals,1050 MASL,"INR 1,070 - INR 3,730",https://corridorseven.coffee/products/salawara-estate-carbonic-maceration
Corridor Seven Coffee Roasters,Salawara Estate Mosto fermentation,Light Roast,"White peach, Golden Raisin and Bergamot",Salawara Estate,SL 795,Champagne Fermentation,1050 MASL,"INR 1,050 - INR 3,670",https://corridorseven.coffee/products/salawara-estate-mosto-fermentation
Corridor Seven Coffee Roasters,Salawara Estate Pichia Fermentation HSD,Light Roast,"Green Apple, Prune and Creamy Mouthfeel",Salawara Estate,SL 6 + SL 9,Honey Sun Dried,1050 MASL,"INR 1,050 - INR 3,670",https://corridorseven.coffee/products/salawara-estate-pichia-fermentation-hsd
Corridor Seven Coffee Roasters,Summer Salad Blend,Light Roast,"Watermelon, Stone Fruit like Plum and Vibrant Acidity || Roasting Profile - Filter ( Light Roast ) || Process - Washed + Naturals || Harvest Year - 2025",,,Washed + Naturals,,"INR 960 - INR 3,325",https://corridorseven.coffee/products/summer-salad-blend
Corridor Seven Coffee Roasters,Vienna Roast,Dark Roast,"C acao nibs, dark chocolate and long finsih || Roasting Profile- Espresso ( Dark Roast ) || Varietal - Catura, SLN- 795 || Altitude - 1260MASL || Process- Washed Arabica || Harvest Year- 2025 || Location - Chikmagalur",Chikmagalur,"Catura, SLN- 795",Washed Arabica,1260 MASL,"INR 710 - INR 2,450",https://corridorseven.coffee/products/vienna
Dancing Goat Coffee Roasters,DG Espresso Roast,Dark Roast,"Dark Chocolate, Cacao; strong, punchy, bold",Coorg,,,,"INR 500 - INR 1,750",https://www.dancinggoatcoffee.in/products/dg-espresso-roast/2037129000002539598
Dancing Goat Coffee Roasters,Ratnagiri Estate,Dark Roast,"Milk Chocolate, ripe cherry, raisin; smooth velvety body","Ratnagiri Estate, India's Western Ghats",,Washed,,"INR 550 - INR 1,875",https://www.dancinggoatcoffee.in/products/ratnagiriestate/2037129000000679971
Dancing Goat Coffee Roasters,Blossom,Light-Medium Roast,"White flowers, orange rind, toffee, almonds, chamomile",Near Bababudangiri,,,,"INR 800 - INR 2,850",https://www.dancinggoatcoffee.in/products/blossom/2037129000000679385
Dancing Goat Coffee Roasters,DG Microlot #1,Medium-Dark Roast,"Dark chocolate, caramel, toasty nuts, lemon zest",Coorg,,,,"INR 500 - INR 1,750",https://www.dancinggoatcoffee.in/products/dg-microlot-1/2037129000000680339
Dancing Goat Coffee Roasters,Hunkal Estate,Medium Roast,"Sweet Lime, Orange, Cacao","Thogarihunkal Estate, Mullayanagiri",,Honey Sun Dried,1500 MASL,"INR 600 - INR 2,000",https://www.dancinggoatcoffee.in/products/hunkal-estate/2037129000004117001
Dancing Goat Coffee Roasters,Baarbara Estate,,"Dark chocolate, bittersweet caramel, walnuts","Baarbara Estate, Bababudangiri hills",,,1500 MASL,"INR 600 - INR 2,000",https://www.dancinggoatcoffee.in/products/baarbara-estate/2037129000003624001
Dancing Goat Coffee Roasters,Rum Barrel Aged,Light-Medium Roast,"Woody oak, caramel, vanilla; rich velvety mouthfeel",Ratnagiri Estate,,Rum Barrel Aged,,"INR 950 - INR 3,400",https://www.dancinggoatcoffee.in/products/rum-barrel-aged/2037129000000234065
Dancing Goat Coffee Roasters,Whiskey Barrel Aged,Light-Medium Roast,"Woody oak, caramel, malt; rich velvety mouthfeel",Ratnagiri Estate,,Whiskey Barrel Aged,,"INR 950 - INR 3,400",https://www.dancinggoatcoffee.in/products/whiskey-barrel-aged/2037129000002539394
Dope Coffee Roasters,MYSORE NUGGETS,Light-Medium Roast,"Toasted Corn Flakes, Butterscotch, Caramel",India,100% Arabica,,,INR 660,https://dopecoffee.in/products/mysore-nuggets
Dope Coffee Roasters,Buzz Blend,Dark Roast,"Chocolate, Molasses, Toasted Nuts",,Arabica & Robusta,,,INR 520,https://dopecoffee.in/products/buzz-blend
Dope Coffee Roasters,Dark Matter,Medium Dark Roast,"Pomegranate, Smoked Woods, Dark Chocolate",,,,,INR 620,https://dopecoffee.in/products/dark-matter
Dope Coffee Roasters,POLARIS COLD BREW BLEND,Medium Roast,"Nutty, Caramel, Smokey",,100% Arabica,,,INR 575,https://dopecoffee.in/products/cold-brew
Dope Coffee Roasters,KALLEDEVARAPURA ESTATE,Light-Medium Roast,"Hazelnut, Caramel, Dark Chocolate","Kalledevarapura Estate, South India",100% Arabica,,4500 feet,INR 645,https://dopecoffee.in/products/kalledevarapura-estate
Dope Coffee Roasters,NILGIRI,Medium Roast,"Butterscotch, Malt, Jaggery, Raisin","Nilgiri, Tamil Nadu",100% Arabica,,,INR 625,https://dopecoffee.in/products/nilgiri-estate
Dope Coffee Roasters,ROARING ROBUSTA,Dark+ Roast,"Dark Chocolate, Oaky, Nutty",,100% Robusta,,,INR 480,https://dopecoffee.in/products/roaring-robusta
Dope Coffee Roasters,VIENNA VORTEX,Vienna Roast,"Cocoa Nibs, Bittersweet, Smoky",,,,,INR 580,https://dopecoffee.in/products/vienna-vortex
Eventide Coffee,Bloom [Jasmine Coffee],Light-Medium Roast,"Jasmine Green tea, Green apple acidity, full bodied and a lingering juicy aftertaste","Ratnagiri, Chikmaglur","Catuai, Chandragiri",Culture Natural,1350m,"INR 1,100",https://eventidecoffee.com/products/bloom-jasmine-coffee
Eventide Coffee,Cherry Wine [MICRO LOT],Light-Medium Roast,"Red cherries, Spice infused honey, tartaric acid and a juicy body",Nilgiris,Red Catuai,Anaerobic Natural,1700m,INR 900,https://eventidecoffee.com/products/cherry-wine-micro-lot
Eventide Coffee,Clementime,Light-Medium Roast,"Cake Cerries, Honey and Mild citric aftertaste with a full bodied mouthfeel",Nagaland,SL13,Hydro Natural,1350m,INR 900,https://eventidecoffee.com/products/ma-cherie-copy
Eventide Coffee,HoneyCrisp [SUPER RARE] [MICRO LOT],Light-Medium Roast,"Clean, Floral, Malic Acidity and long finish",Yercaud,Yellow Bourbon,Natural Process,,INR 900,https://eventidecoffee.com/products/honeycrips-superrare-microlot
Eventide Coffee,Koji Cloud [MICRO LOT],Light-Medium Roast,"High sweetness with syrupy texture, soft acidity, slight stone fruit and sake like notes. A long, rounded and umami-infused finish",Yercaud,"SL9, S795, Catimor",Amazake Honey,1550m,INR 900,https://eventidecoffee.com/products/koji-cloud
Eventide Coffee,Ma Cherie,Light-Medium Roast,,"The Natural Farmer, Kodaikanal",Sarchimor,Fermented Washed,1100-1200,INR 900,https://eventidecoffee.com/products/sarchimor-fermented-washed-filter-roast-microlot
Eventide Coffee,Mundane Routine,Medium-Dark Roast,,"Yercaud, Nagaland, Coorg",40% Arabica; 40% Arabica; 20% Canephora,Washed Pichia Innoculation; Hydro Naturals; Pichia Innoculation,,INR 750,https://eventidecoffee.com/products/mundane-routine
Eventide Coffee,Peach Eyes [OMNI ROAST],Medium Roast,"Prunes, Cherry cola and a spritzer like body followed by a mellow after taste","Ratnagiri, Chikmaglur","Catuai, Chandragiri",Thermal Shock,1350m,INR 900,https://eventidecoffee.com/products/peach-eyes
Eventide Coffee,Sweet Nothing,Medium Roast,"Jaggery sweetness, Tartaric Acidity, Bittersweet lingering aftertaste like amla",Koraput,"SL9, SL13",Red Honey,1000m,INR 750,https://eventidecoffee.com/products/clementime-copy
Fraction 9 Coffee Roasters,WASHED GOLD - LACTIC FERMENT - Value | Auto Discounted | No Codes,Light Plus,"Musk Melon, Raisin, Butter Cookie, Roasted Almond, Cocoa",Navees Farm,Selection 795,De-Pulped; Lalcafé Cima Yeast; 72-Hour Lactic Fermentation; Hand Washed,"4,000+ ft ASL",INR 705,https://www.fraction9coffee.com/products/washed-gold
Fraction 9 Coffee Roasters,KALYANCOOL MAHARANI,Mélange Split Roast – Light Plus,"Rose Petals, Marigold, Sugarcane, Date Syrup, Cacao Nibs, Spiced Finish","Kalyancool Estate, Chikmagalur",Chandragiri & Selection 795,Bruised Natural Anaerobic; Organic Rose Gulkand; 120-Hour Fermentation; Lalcafé Oro; Raised Beds,,INR 799,https://www.fraction9coffee.com/products/maharani
Fraction 9 Coffee Roasters,Ratnagiri – JASMINE ROYALE - Co-Ferment  | Auto Discounted | No Codes,Light Plus,"Mogra jasmine, Pink rose, Cardamom honey, Earl Grey tea, Vanilla cream","Ratnagiri Estate, GODOWN Patte block",SLN 9,Jasmine Flower Co-Fermented Natural; 56-hour Culture Fermentation; Jasmine-derived microbes & jasmine flower assisted drying; 29 days on raised beds,4400 feet,INR 875,https://www.fraction9coffee.com/products/ratnagiri-jasmine-royale-co-ferment-auto-discounted-no-codes
Fraction 9 Coffee Roasters,KEREHAKLU NOCTURNE - Anoxic Naturals | Auto Discounted | No Codes,Mélange Split Roast (Light Plus Roast),"Black Grapes, Blueberry, Peach, Sugarcane Juice Sweetness, Hibiscus Finish","Kerehaklu Estate – Aldur Region, Chikmagalur, Karnataka",Selection 5B,76h Anoxic Natural Fermentation,1125 MASL,INR 859,https://www.fraction9coffee.com/products/kerehaklu-nocturne-anoxic-naturals
Fraction 9 Coffee Roasters,TWILIGHT THEORY – NATURALS - Value | Auto Discounted | No Codes,Light Plus,"Black Grapes, Star Fruit, Brown Sugar, Dark Chocolate, Pomelo",Kalyancool Estate – Chikmagalur,Chandragiri & Selection 795,48-Hour Anaerobic Natural,"1,300 MASL",INR 640,https://www.fraction9coffee.com/products/twilight-theory-naturals-value-auto-discounted-no-codes
Fraction 9 Coffee Roasters,RUM Barrel (No. 9) Aged Coffee - Kalathgiri Estate - Intense Aromatics,Light Plus,"Rum, Salted Pistachio, Apple Juice, Rosewood, Blueberries","Kalathgiri Estate, Chikmagalur",S795,Washed + Honey Process with Rum Barrel Aging,,INR 985,https://www.fraction9coffee.com/products/rum-barrel-aged-coffee
Fraction 9 Coffee Roasters,Breakfast Roast Coffee,Medium Roast,"Hazelnut, Nutty, Plum","Kalyancool Estate, Chikmagalur",100% Arabica,,,INR 619,https://www.fraction9coffee.com/products/breakfast-roast-coffee-powder
Fraction 9 Coffee Roasters,Christmas Roast,Medium - Dark,"Dark Chocolate, Roasted Almonds; raisin and caramel aroma",Chikmagalur,100% Arabica; Grade A; Selection 795,Wash Processed,"1,300 M",INR 619,https://www.fraction9coffee.com/products/christmas-roast
Fraction 9 Coffee Roasters,Ratnagiri – RED SPECTRUM  | Auto Discounted | No Codes,Light Plus,"Pomegranate / Passionfruit, Papaya / Guava, Raisins, Orange Zest","Ratnagiri Estate, Line Patte block",SLN 9,Hydro Honey; 31 days on raised beds,,INR 799,https://www.fraction9coffee.com/products/ratnagiri-red-spectrum-auto-discounted-no-codes
Fraction 9 Coffee Roasters,Sweet Roast Coffee,Light Roast,"Clean, Citrus, Pleasant, Short Aftertaste",,100% Arabica,,,INR 619,https://www.fraction9coffee.com/products/cinnamon-roast-coffee-powder
Fraction 9 Coffee Roasters,Vienna Roast Coffee,Dark Roast,"Nutty, Oaky, Spice",Kalyancool Estate,100% Arabica,,,INR 619,https://www.fraction9coffee.com/products/vienna-roast-coffee-powder
Fraction 9 Coffee Roasters,French Roast Coffee,Darkest Roast,"Bold, Bitter, Intense, Strong, Cocoa",,100% Arabica,,,INR 619,https://www.fraction9coffee.com/products/french-roast-coffee
Fraction 9 Coffee Roasters,Everyday Gold – Affordable Value | Auto Discounted | No Codes,Medium Roast; Medium Dark Roast,"Medium: Toasted Almond, Golden Raisin, Milk Chocolate; Dark Minus: Cocoa, Roasted Hazelnut, Caramelized Date, Brown Sugar","Single-Estate, Aldur, Chikmagalur",100% Arabica; B-sized beans,Washed Process; 10-hour drain,,INR 435,https://www.fraction9coffee.com/products/everyday-gold-affordable-premium
Fraction 9 Coffee Roasters,Cappuccino Blend,Medium Dark Roast,"Milk Chocolate, Roasted Nuts, Spice",,80% Arabica & 20% Robusta,,,INR 619,https://www.fraction9coffee.com/products/cappuccino-blend
Fraction 9 Coffee Roasters,Traditional Blend Coffee,Dark Roast,"Bitter, Strong, Peanutty",,80% Arabica & 20% Robusta,,,INR 619,https://www.fraction9coffee.com/products/traditional-blend
Fraction 9 Coffee Roasters,PRABAL,Dark,"Strong, Bitter, Intense, Heavy body",Chikmagalur,100% Robusta; Grade A; Congensis x Robusta C X R,Wash Processed,"1,100 M",INR 529,https://www.fraction9coffee.com/products/prabal
Fraction 9 Coffee Roasters,Kaapi,Dark,Strong,,70% Robusta coffee & 30% chicory,Washed,,INR 449,https://www.fraction9coffee.com/products/kaapi
Fraction 9 Coffee Roasters,Desi 'Extreme Strong' Blend,Dark Roast,"Extremely strong, Slightly bitter",,50% Arabica + 35% Robusta + 15% Chicory,,,INR 515,https://www.fraction9coffee.com/products/desi-extreme-strong-blend
Fraction 9 Coffee Roasters,Desi 'Rich Taste' Blend,Medium Plus Roast,Rich Taste,,60% Arabica + 20% Robusta + 20% Chicory,,,INR 535,https://www.fraction9coffee.com/products/desi-rich-taste-blend
GB Roasters,MONSOONED MALABAR,Espresso | Filter,"Butter Biscuit, Milk Chocolate, Nutty, Woody, Slightly Earthy","Various Small Holder Farmers, India",SLN 795,Monsooned Naturals,950 - 1000 masl,INR 150,https://www.gbroastery.com/product-page/monsoon-malabar
GB Roasters,MUDREMANE ESTATE WASHED,Filter / Espresso,"Black Tea like, Floral, Brown Sugar, Ripe Sweet Lime like Acidity","Mudremane Estate, India",Chandragiri,Classic Washed,1000 - 1100 masl,INR 150,https://www.gbroastery.com/product-page/mudremane-estate-washed
GB Roasters,DECAF (CO2 Process),,Chocolatey as black and Nutty & Biscuit like with Milk,,,CO2 Process,,INR 250,https://www.gbroastery.com/product-page/decaf-co2-process
GB Roasters,SYRINA ANAEROBIC NATURALS,Filter,"Floral, Wild Honey, Ripe Sweet Musk Melon, Jujube, Almonds, Red Apple like, Juicy Acidity",,,Anaerobic Naturals,,INR 500,https://www.gbroastery.com/product-page/syrina-anaerobic-naturals
GB Roasters,NICARAGUA GESHA COE #1 WINNER,Filter,"Citrus, Floral, Green Apple, Lemongrass, Mint, Orange Blossom","La Esperanza / Abner Samuel Zavala, Nicaragua",Gesha,Washed,1350 masl,INR 800,https://www.gbroastery.com/product-page/nicaragua-gesha-coe-1winner
GB Roasters,NAGA WASHED,Filter,"Floral, Black Tea Like, Honey, Milk Chocolate, Caramel like, Buttery mouthfeel","Nagaland Small Holder Farmers, India",Selection 9,Classic Washed,1240 - 1280 masl,INR 250,https://www.gbroastery.com/product-page/naga-washed
GB Roasters,CGLE LAS MARGARITAS - SUDAN RUME,Filter / Espresso,"Bergamot, Nougat, Lemongrass, Vanilla and spicy accents of sweet clove with Malic acidity","Cafe Granja La Esperanja, Colombia",Sudan Rume,Hybrid Washed,1570 - 1850 masl,INR 1400,https://www.gbroastery.com/product-page/cgle-las-margaritas-sudanrume
GB Roasters,ANDRES TORRES - PERU GESHA,Filter,"Floral White Tea Like, Lavender, Java Plum, Cranberries, Blood Orange like Acidity","Andres Torres, Peru",Gesha,Classic Naturals,1600 - 1700 masl,INR 1250,https://www.gbroastery.com/product-page/andres-torres-peru-gesha
GB Roasters,EKATA - An. Naturals,Filter,"Ripe Pear & Jackfruit like, Almonds, Deep caramel like sweet, Juicy acidity","EKATA Farms, India","SLN 795, SLN 9 & Chandragiri",Anaerobic Naturals,1100 - 1600 masl,INR 250,https://www.gbroastery.com/product-page/ekata-an-naturals
Grey Soul Coffee Roasters,Pink Lemonade (Ultra-Light),Ultra-Light roast with elevated heat & restrained airflow; 15-16% development,"Vibrant citrus characters, orange, green grape, red apple, dried fig; blueberries, pineapples & chocolate dry aroma","Tsiesema Village, Kohima, Nagaland",Chandragiri,Sun-Dried Anaerobic Naturals with Raised Bed Drying,1350 MSL,INR 899,https://greysoul.coffee/products/pink-lemonade-ultra-light-nagaland-coffee
Grey Soul Coffee Roasters,Cane and Lime (Light-Med Roast),Light-Medium Roast with high air flow & 14-15% development,"Sweet lime, gooseberry, jaggery, sugarcane; dates, chickoo, cardamom, green grapes, milk chocolate, raisins","Yelnoorkhan Estate, Pandaravalli Village, Mallenahalli",Chandragiri,High altitude washed arabica dried on raised beds,5300 Feet,INR 799,https://greysoul.coffee/products/cane-lime-light-med-roast
Grey Soul Coffee Roasters,Shevaroys Washed (Light-Med Roast),Light-med Roast with variable drum speed and airflow; total roast time of 9 minutes,"Ripe tropical fruit notes of plums & Green Grapes, Pomegranates, cacao nibs; berries, figs, grapes","PKC Kudiraipanjan Estate, Shevaroys hills, Tamil Nadu",SLN 9 & Catimor,Mechanically washed with fresh stream water; soaked again for 48 hours; dried for 18 days; hulled and polished,1400 MSL,INR 799,https://greysoul.coffee/products/shevaroys-washed-grey-soul-coffee
Grey Soul Coffee Roasters,MOGRA,Light Roast dropped with an early 1st crack & 16% DTR,"Jasmine, Vanilla, Sweet Lime, Chocolate, Grapefruit, Forest Honey","Ratnagiri Estate, Chikmagalur",SL9,Anaerobic Fermented Naturals with culture microbes & mechanical dried at the farm,4450 Feet,INR 899,https://greysoul.coffee/products/mogra-light-roast
Grey Soul Coffee Roasters,THE YELLOW LOT,Roasted above medium with high DTR & variable drum speed,"Banana, Deep Date Sweetness, milk chocolate, subtropical fruit finish; ripe red berries, jackfruit, dates","Ratnagiri Estate, Chikmagalur",SL9,Anaerobic Fermented Naturals; hot washed followed by rapid cold wash; tumble mechanical dried at the farm,4450 Feet,INR 799,https://greysoul.coffee/products/the-yellow-lot-grey-soul-coffee
Grey Soul Coffee Roasters,Summer in Kodaikanal (Light Roast),Light Roast with high air flow & 14% development,"Ripe Strawberries, mandarin brightness, gentle tropical fruit, soft cacao finish; red berries, plums, pineapples, oranges","Princess of Hill Stations (Kodaikanal), Perumalmalai Hills, St. Joseph Estate","Catimor, Chandragiri & SLN9",Sun Dried Naturals using Controlled Dehydrator Drying,4000+ Feet,INR 799,https://greysoul.coffee/products/kodaikanal-naturals
Grey Soul Coffee Roasters,Raspberry in Loop,"Med Roast with high DTR, low fan speed & variable drum RPM","Raspberry, milk chocolate, mandarin acidity; pineapple, prune, cacao","Chikmagalur, Karnataka",SL795 & Chandragiri,"Anaerobic fermentation in 3 stages for 72 hours, 48 hours and 24 hours; sun-dried on raised beds for an extended period",4180 ft,INR 799,https://greysoul.coffee/products/raspberry-in-loop
Grey Soul Coffee Roasters,Odisha Fermented Naturals (Light Roast),Light Roast dropped at 202 C with early 1st crack & total roast time under 8.30 mins,"Pomegranate, Maple Syrup, plum finish; orange zest, berries, chocolate, berry jam, betel leaf","Koraput, Odisha",Chandragiri & SLN 9,Fermented sun-dried naturals,1100 M,INR 699,https://greysoul.coffee/products/odisha-floral-honey-light-med-roast-copy
Grey Soul Coffee Roasters,Roasters Espresso (Med Roast),"Low Temperature Fed Slightly above Med Roast, High DTR & Extended Maillard Phase","Almonds, Chocolate buttercream, Deep Sweetness from Ripe Red berries; hazelnut, cacao, dates, berry jam, milk chocolate","Chikmagalur, Karnataka","Selection 5B, 9 & Chandragiri",,3800 - 4100 Feet,INR 799,https://greysoul.coffee/products/roasters-espresso-med-dark-profile
Grey Soul Coffee Roasters,Strawberry in Loop,Roasted Slightly above Medium with 15-20% DTR & Extended Maillard Phase,"Milk Chocolate covered Strawberries with raspberry aftertaste; red berries, peaches, sugarcane, berry jam","Chikmagalur, Karnataka",Blended Varietals,Various Coffee Processing Techniques,4500 Feet,INR 799,https://greysoul.coffee/products/strawberry-in-loop-medium-roast-grey-soul-coffee
Half Light Coffee,MS Estate,"Medium, Medium-Dark (Espresso)","Berries, Peach and Walnut","Chikmagalur, Karnataka",SLN 795 HG,Washed,1000-1400 mt. Masl,INR 700,https://halflightcoffee.com/products/ms-estate
Half Light Coffee,Banana Kents by Balanoor Plantation,Medium,"Jaggery Bites, Plum, Cocoa","Chikmagalur, Karnataka",Kents,PSD,1200 Masl,INR 750,https://halflightcoffee.com/products/banana-kents
Half Light Coffee,Tripura Hills,Light - Medium,"White Chocolate, Caramel, Toasted Nuts","Jampui Hills, Tripura",SLN 5B,Traditional Naturals,800 - 950 Masl,INR 670,https://halflightcoffee.com/products/tripura-hills
Half Light Coffee,Salawara Washed,Light - Medium,"Custard Apple, Lemon - Vanilla Cream","Belur, Karnataka","Chandragiri, SLN 795",Washed | 48 Hours Fermented,1035 Masl,INR 750,https://halflightcoffee.com/products/salawara-washed
Hunkal Estate Coffee,Aranya Gold Coffee Beans,Medium,"Floral and fruity aroma; citrus, berries, gentle sweetness; clean and refreshing finish","Thogarihunkal Estate, Chikmagalur; Western Ghats",Chandragiri; 100% Arabica Whole Beans,,3800 ft Above Sea Level,INR 630,https://www.hunkalestatecoffee.com/products/aranya-gold-coffee-beans
Hunkal Estate Coffee,Tiger Reserve Coffee Beans,Medium,"Earthy, nuts, cocoa, caramel, dark chocolate; smooth and lingering finish","Thogarihunkal Estate, Chikmagalur",Chandragiri & S274; 80% Arabica Whole Beans; 20% Robusta Whole Beans,,3500 to 3800 ft Above Sea Level,INR 580,https://www.hunkalestatecoffee.com/products/tiger-reserve-coffee-beans
Kāpikottai,Hamsanādam,Medium Light Roast,"Milk chocolate, lemon candy, marigold; raspberry-like fruitiness","Perumpallam village, Kodaikanal",Chandragiri; Arabica,Washed Arabica; traditional washed,1500-1600m ASL,INR 950,https://kapikottai.coffee/products/hamsanadam
Kāpikottai,Kilpauk Standard,Medium Dark Roast,"Toasted nuts, chocolate, hints of fruit",,,80% washed; 20% naturals,,INR 650,https://kapikottai.coffee/products/kilpauk-standard
Kāpikottai,Mōhanakalyāni,Medium Roast,"Caramel, sweetlime, hibiscus","Krishnagiri estate, Chikmagalur",Chandragiri; Arabica,Washed Arabica,1200-1500m ASL,INR 720,https://kapikottai.coffee/products/mohanakalyani
Kāpikottai,Nalinakānti,Light Roast,"Lychee, raisins, rosewater","Ram estate, Kodaikanal",SLN 09; Arabica,Sequentially carbonic macerated pulp sundried Arabica; 160 hrs fermentation split pre- and post-pulping,1200m ASL,INR 999,https://kapikottai.coffee/products/nalinakanti
Kāpikottai,Tōdi,Dark Roast,"Treacle, walnuts, hints of raspberry","Krishnagiri estate, Chikmagalur",Chandragiri; Arabica,Washed Arabica,1200m-1500m ASL,INR 720,https://kapikottai.coffee/products/todi
Korebi,Melkodige Estate - Yeast Fermented,Medium Dark,"Caramel, Hint Of Tangerine, Almond Biscotti","Melkodige Estate, Chickmagalur",,Yeast Fermentation,1300M,INR 999,https://korebi.coffee/products/melkodige-estate-yeast-fermented
Korebi,Moganad Estate - Honey Sundried,Medium,"Toffee, Hazelnut, Rum and Cacoa","Moganad Estate, Shevaroy hills, Tamil Nadu",,Honey Sundried,1380M,INR 999,https://korebi.coffee/products/moganad-estate-honey-sundried-1
Korebi,The Bourbon - Limited Edition,Medium,"Prunes, Maple Vanilla, Malt",,100% Arabica,Bourbon barrel aged,1400M,INR 999,https://korebi.coffee/products/the-bourbon-limited-edition-coffee
Korebi,Kanabi - Limited Edition (Hemp Seed Oil Coffee),Medium Dark,"Pear, Nuts",,100% Arabica,Hemp seed oil infusion,1400M,INR 999,https://korebi.coffee/products/kanabi-limited-edition-hemp-seed-oil-coffee
Korebi,Tropical Haze - Medium Roast Coffee,Medium,"White Floral, Forest honey, Cashew Apple",,AAA Grade Arabica,,1350M,INR 749,https://korebi.coffee/products/tropical-haze-medium-roast-coffee
Korebi,Espresso Intenso - 80% Arabica / 20% Robusta,Dark Roast,Chocolate finish,,AAA Grade 80% Arabica and 20% Robusta,,,INR 1199,https://korebi.coffee/products/espresso-intenso
Korebi,Wabi - Medium Dark Roast Coffee,Medium Dark,"Roasted Nuts, Cacao, Mulberry",,AAA Grade Arabica,,1350M,INR 749,https://korebi.coffee/products/wabi-medium-dark-roast-coffee
Korebi,Espresso Blend - 80% Arabica / 20% Robusta,,Caramel finish,,AAA Grade 80% Arabica and 20% Robusta,,,INR 1199,https://korebi.coffee/products/espresso-blend
Korebi,The Dark Side - Dark Roast Coffee,Dark,"Dark Chocolate, Toasted Sesame, Caramel",,AAA Grade Arabica,,1300M,INR 749,https://korebi.coffee/products/the-dark-side-roast-coffee
Korebi,Cold Brew Blend - Medium Dark Roast,Medium Dark,"Milk Chocolate, Smooth Roasted Hazelnut with a hint of Macadamia",,AAA Grade Arabica,,1300M,INR 749,https://korebi.coffee/products/cold-brew-blend-medium-dark-roast-coffee
Korebi,Bubble Bliss - Anaerobic Fermented,Medium,"White Raisin, Sweet Cranberry, Dragon Fruit",,AAA Grade Arabica,Anaerobic Fermentation,1550M,INR 999,https://korebi.coffee/products/bubble-bliss-anaerobic-fermented-coffee
Korebi,Baarbara Estate - Honey Sundried Processed,Medium,"Citrus, Melon, Cacao Nibs, Nutmeg","Baarbara Estate, Chikmagalur, near Bababudan Giri",Selection 795 Arabica,Honey Sun-Dried,1550M,INR 999,https://korebi.coffee/products/baarbara-estate-honey-processed-coffee
Korebi,Southern Blend - 60% Arabica / 40% Robusta,,Fruity finish,,AAA Grade 60% Arabica and 40% Robusta,,,INR 599,https://korebi.coffee/products/southern-blend
Korebi,Golden Toast Brew,Medium Dark,"Roasted Almond, Cacao Nibs, Molasses","Sidrgavi Estate, Karnataka",100% AA-grade Arabica beans,Sundried,1650M,INR 999,https://korebi.coffee/products/golden-toast-brew
Korebi,Sidrigavi Estate,Medium,"Roasted Walnuts, Cocoa, Sweet Spices","Sidrigavi Estate, Bhadra Tiger Reserve, Chikmagalur",100% Arabica,Natural Process,1650M,INR 999,https://korebi.coffee/products/sidrgavi-estate
KUP,Dkaf Medium Roasted Beans | 100% Arabica Single-Origin | 250g,Medium Roast,"Butter cookie, blood orange, raisins",,100% Arabica,Decaf,,INR 1690,https://www.kup.world/products/dkaf-medium-roasted-beans-250-grams-100-arabica-single-origin
KUP,Kaapi Royale Harley Estate | Sakleshpur | Robusta  | Espresso Roast | 250g,Espresso Roast / Dark,"Caramel, milk chocolate, sweet cream","Harley Estate, Sakleshpur",Robusta Kaapi Royale,,,INR 690,https://www.kup.world/products/product-ed878991-1ec5-f651-d4e8-b9f464873ba0
KUP,Love You Berry Much Coffee | 100% Arabica | Medium Roast Beans | 250g,Medium Roast,"Berries, honey, dark plum, rum, dark chocolate, earth",,100% Arabica,Natural extended anaerobic fermentation,1350 MASL,INR 1090,https://www.kup.world/products/love-you-berry-much-coffee-100-arabica-medium-roast-beans-250-grams
KUP,Mad Monk | 100% Arabica | Rum Barrel Aged Medium Roasted Coffee Beans | 250g,Medium Roast,"Orange peel, walnut","Sakleshpur, India",100% Arabica,Rum barrel aged,,INR 1290,https://www.kup.world/products/mad-monk-100-arabica-rum-barrel-aged-medium-roasted-coffee-beans-250-grams
KUP,Ratnagiri Estate | Chikmagalur | 100% Arabica | Omni Roast | 250g,Omni Roast / Medium,"Peach, black currant, mandarin, grapy finish","Ratnagiri Estate, Chikmagalur",100% Arabica,90-hour extended carbonic-washed-maceration process,,INR 940,https://www.kup.world/products/product-a0ed89a1-aab3-ef02-77b7-44f8b4977f39
KUP,Sober Jack | 100% Arabica | Medium Smoky Roasted Coffee Beans 250g,Medium Smoky Roast,"Black currant, dark rum, jujube","Satlienpur, India",100% Arabica,Whiskey barrel aged,High-altitude,INR 1290,https://www.kup.world/products/sober-jack-100-arabica-medium-smoky-roasted-coffee-beans-250-grams
KUP,Sugar Daddy Coffee | 100% Arabica | Medium Roast Beans | 250g,Medium Roast,"Coffee, honey, mulberry, cherry",,100% Arabica,Natural special processing,1350 MASL,INR 1090,https://www.kup.world/products/sugar-daddy-coffee-100-arabica-medium-roast-beans-250-grams
KUP,The Dreamer | 80:20 Arabica-Robusta Blend Medium Roasted Coffee Beans | 250g,Medium-Dark Roast,"Dark chocolate, roasted nuts, sweet cream finish",,80:20 Arabica-Robusta Blend,,,INR 590,https://www.kup.world/products/the-dreamer-80-20-arabica-robusta-blend-medium-roasted-coffee-beans-250-grams
KUP,The Rebel | Medium Roast Coffee Beans | 250g,Medium Roast,"Citrus blossom, grapefruit, brown sugar",Chikmagalur,,Washed and Honey Blend,,INR 740,https://www.kup.world/products/the-rebel-medium-roast-coffee-beans-250-grams
KUP,The Thinker | 100% Arabica | Medium Roasted Coffee Beans | 250g,Medium Roast,"Milk chocolate, almond, caramel syrup finish",,100% Arabica,,,INR 640,https://www.kup.world/products/the-thinker-100-arabica-medium-roasted-coffee-beans-250-grams
Maverick & Farmer,Parama,Medium to Medium-dark,"Chocolate, Caramel",,"Arabica, Robusta, Peaberry of both","Multiple processes - Washed, natural, honey, smoked",,INR 650,https://www.maverickandfarmer.com/products/parama
Maverick & Farmer,Tall Dark Handsome,"French (dark) roast (Past the 2nd crack, oily)","Smoky, Intense coffee",,Arabica,Washed,,INR 650,https://www.maverickandfarmer.com/products/tall-dark-handsome
Maverick & Farmer,Rohan Bopanna's Masterblend,Medium-dark,"Mildly sweet, Toffee","Rohan Bopanna's coffee estate, Coorg",100% Arabica,"Washed, Honey processed",,INR 680,https://www.maverickandfarmer.com/products/rohan-bopannas-masterblend-1
Maverick & Farmer,Ol' Smoky - Cold Smoked coffee!,Medium-light,"Sweet smoke, roasted spice",,Arabica,"Washed, cold-smoked",,INR 700,https://www.maverickandfarmer.com/products/smokin-joe
Maverick & Farmer,Say Hello to Mellow,Mild Roast,Banana and Berry,,Arabica,Fully washed,,INR 680,https://www.maverickandfarmer.com/products/say-hello-to-mellow
Maverick & Farmer,Parama Dark,Medium-dark to Dark,"Dark chocolate, Caramel",,"Arabica, Robusta, Peaberry of both","Multiple processes - Washed, natural, honey, smoked",,INR 660,https://www.maverickandfarmer.com/products/parama-dark
Maverick & Farmer,Clouds In My Coffee,"Medium light, quick roast","Earthy, Spice and nuts",,Arabica,"Washed, then Monsooned",,INR 700,https://www.maverickandfarmer.com/products/rohan-bopannas-masterblend
Maverick & Farmer,Deep Bliss,Dark roast,"Dark Chocolate, Earthy",,"Arabica, Robusta","Washed, Natural",,INR 620,https://www.maverickandfarmer.com/products/deep-blis
Maverick & Farmer,Orange You Curious?,Medium-light,"Citrus, cherry wine",,Arabica,"Washed, primary, and secondary fermented",,INR 650,https://www.maverickandfarmer.com/products/orange-you-curious-1
Maverick & Farmer,Sunkissed,"Dark, just past the first crack","Fruity, citrus, buttercup",,Robusta,Honey Sun-dried,,INR 620,https://www.maverickandfarmer.com/products/sunkissed
Maverick & Farmer,Cafe Chic,Medium-dark roast,"Deep, roasty, heavy body",,Chicory blended South Indian coffee; Peaberry beans,,,INR 550,https://www.maverickandfarmer.com/products/cafe-chic
Maverick & Farmer,Cold brew - New Orleans Style,Dark Roast,"Chocolate, Toffee",,"Arabica, Robusta; Roasted Chicory root",Honey Sun Dried,,INR 550,https://www.maverickandfarmer.com/products/copy-of-cold-brew-new-orleans-style
Maverick & Farmer,Cold brew - Dark & Fruity,Medium-dark slow roast,"Dry fruit, Shiraz, Caramel",,Arabica,"Honey, Wet-process",,INR 650,https://www.maverickandfarmer.com/products/cold-brew-dark-and-fruity
Maverick & Farmer,Modur Naturals,Medium Dark Roast,"Green Apple, Sweet cherry","Modur Estate, northern slopes of the Western Ghats",Arabica,Naturals,3100 - 3250 ft,INR 700,https://www.maverickandfarmer.com/products/modur-naturals
Maverick & Farmer,Cold brew - Light & Bright,Light roast,"Fresh ripe fruit, Citrus",,Arabica,"Washed, some naturals added",,INR 650,https://www.maverickandfarmer.com/products/cold-brew-light-bright
Maverick & Farmer,Melkodige estate - single origin Arabica,Medium to medium dark,"Fig, Ripe Plum","Melkodige estate, Chikmagalur (Karnataka)","Arabica, SLN 9",Anaerobic Naturals,4000 feet,INR 750,https://www.maverickandfarmer.com/products/melkodige-estate-single-origin-arabica
Maverick & Farmer,Lion's Mane Mushroom Coffee | 200 gm whole bean or ground,Mild roast,"Dark chocolate, caramel",India,100% Arabica Whole Bean Coffee; Lion's Mane (Hericium erinaceus) Dual Extract,Infused with Lion's Mane Mushroom dual extract,,INR 1700,https://www.maverickandfarmer.com/products/lions-mane-mushroom-coffee-200-gm-whole-bean-or-ground
Maverick & Farmer,Mooley Manay,Medium,"Complex berries, sweet cherry, lychee","Mooleh Manay Estate, Coorg",Excelsa,84-hour yeast-fermented natural,,INR 799,https://www.maverickandfarmer.com/products/mooley-manay
Mindful Coffee Roaster,Ratnagiri Estate — Carbonic Natural,Light (Filter),"Cherry Cola, Red Grape, Blackberry","Ratnagiri Estate, Bababudangiri, Karnataka, India",Catuai,96H Carbonic Natural,1340 MASL,INR 800,https://www.mindfulcoffeeroaster.com/product-page/ratnagiri-estate-carbonic-natural
Mindful Coffee Roaster,Ammikulavi 72 Hour Pichia Anaerobic Blend,Light,"Pineapple, Passionfruit, Dark Honey, Floral Hibiscus",Ammikulavi Estate,"S795, Caturra",72-Hour Anaerobic (Pichia Yeast),1400 MASL,INR 800,https://www.mindfulcoffeeroaster.com/product-page/ammikulavi-72-hour-pichia-anaerobic-blend
Mindful Coffee Roaster,HARMONY- Special Omni Roast,Medium roast,"Dark jaggery, toasted almond, molasses, refined nuttiness, cocoa, marzipan-like aftertaste",,100% Arabica (SLN 9 & S795),,,INR 750,https://www.mindfulcoffeeroaster.com/product-page/harmony-special-omni-roast
Mindful Coffee Roaster,STILLNESS -Special Espresso Roast,Medium-dark roast,"Dark chocolate, toasted walnut, deep cocoa, roasted nuts, soft caramel, hint of orange",,100% Arabica (SLN 9 & S795),,,INR 750,https://www.mindfulcoffeeroaster.com/product-page/stillness-special-espresso-roast
Naivo Coffee Company,Finca Las Brisas Geisha – Naturals,Filter Roast,"Blueberry, Cherry Cola, Elaichi, Ripe Banana","Huila, Colombia",Geisha; 100% Arabica,Naturals,1400 - 2000 MASL,from INR 1635,https://naivo.in/product/finca-las-brisas-geisha-naturals/
Naivo Coffee Company,Maillard’s Dream – Kerehaklu 62H Mosto Culture Naturals – Fine Robusta,Omni Roast,"Butter Cookies, Cashew, Malt, Pastry","Chikmagalur, India",TR9; 100% Fine Robusta,62H Mosto Culture Naturals,1150 MASL,from INR 655,https://naivo.in/product/maillards-dream-kerehaklu-62h-mosto-culture-naturals/
Naivo Coffee Company,Pichia Parables  – Harley 36H Pichia Yeast Naturals,Espresso Roast,"Figs, Mango, Mosambi, Walnut","Sakleshpur, India",Selection 9; 100% Arabica,36H Pichia Yeast Naturals,950 – 1050 MASL,from INR 765,https://naivo.in/product/pichia-parables-harley-36h-pichia-yeast-naturals/
Naivo Coffee Company,Kraken Jam – Orchardale Naturals,Espresso Roast,"Blueberry Jam, Dried Figs, Papaya, Wild Honey","Servarayan Hills, India","SL795, SL9; 100% Arabica",Naturals,1520 MASL,from INR 890,https://naivo.in/product/kraken-jam-orchardale-naturals/
Naivo Coffee Company,Sweet Illusions – BEWILD Permaculture 180H Anoxic Naturals – Fine Robusta,Omni Roast,"Champakali, Cherry, Jasmine, Red Mace","Coorg, India",Old Peradeniya; 100% Fine Robusta,Permaculture 180H Anoxic Naturals,980 - 1050 MASL,from INR 525,https://naivo.in/product/sweet-illusions-bewild-permaculture-180h-anoxic-naturals-fine-robusta/
Naivo Coffee Company,The Nut Job – Mooleh Manay 120H Carbonic Naturals – Fine Robusta,Espresso Roast,"Cinnamon, Nerium, Pecan, Roasted Jackfruit Seed","Nakoor Village, Coorg, India",CxR; 100% Fine Robusta,120H Carbonic Naturals,1000 MASL,from INR 545,https://naivo.in/product/the-nut-job-mooleh-manay-120h-carbonic-naturals/
Naivo Coffee Company,Currant Affairs – Karadykan Naturals,Omni Roast,"Apricot, Black Currant, Blackberries, Hazelnut","Chikmagalur, India","SL795, Catimor; 100% Arabica",Naturals,1300 - 1400 MASL,from INR 725,https://naivo.in/product/currant-affairs-karadykan-naturals/
Naivo Coffee Company,Mooleh Manay Honey,Espresso Roast,"Cane Sugar, Caramel, Milk Chocolate","Nakoor Village, Coorg, India","SL6, SL9, Chandragiri; 100% Arabica",Honey Sun Dried,1000 MASL,from INR 685,https://naivo.in/product/mooleh-manay-honey/
Naivo Coffee Company,Tropical Splash – Baarbara Pineapple Fermented,Espresso Roast,"Blood Orange, Dried Mango, Mosambi, Pineapple","Chikmagalur, India",Selection 795; 100% Arabica,Pineapple Fermentation,1170 - 1630 MASL,from INR 790,https://naivo.in/product/tropical-splash-baarbara-pineapple-fermented/
Naivo Coffee Company,Kolli Berri Washed,Omni Roast,"Dark Chocolate, Malt, Prunes","Mudigere, India",Selection 795; 100% Arabica,Washed,1070 MASL,from INR 595,https://naivo.in/product/kolli-berri-washed/
Naivo Coffee Company,Ratnagiri Estate – Robusta Mosto Naturals,Omni Roast,"Dried Mango, Jackfruit, Nutmeg, Sweet Cream","Chikmagalur, India",CxR; 100% Fine Robusta,Mosto Culture Naturals,1310 MASL,from INR 670,https://naivo.in/product/ratnagiri-estate-robusta-mosto-naturals/
Naivo Coffee Company,Ratnagiri Estate – Lab Process Naturals,Espresso Roast,"Figs, Pineapple Jam, Prunes, Starfruit","Chikmagalur, India",Catuai; 100% Arabica,Lab Process Naturals,1310 MASL,from INR 885,https://naivo.in/product/ratnagiri-estate-lab-process-naturals/
Naivo Coffee Company,Ratnagiri Estate – Culture Naturals Rose,Filter Roast,"Lychee, Rosewater, Squash Melons, Watermelon","Chikmagalur, India",Selection 9; 100% Arabica,52H Culture Process,1310 MASL,from INR 845,https://naivo.in/product/ratnagiri-estate-culture-naturals-rose/
Naivo Coffee Company,Ratnagiri Estate – Double Washed Classic,Omni Roast,"Citrus Blossom, Licorice, Roasted Pecan, Tea Rose","Chikmagalur, India",Selection 9; 100% Arabica,Double Washed,1310 MASL,from INR 645,https://naivo.in/product/ratnagiri-estate-double-washed-classic/
Naivo Coffee Company,Ratnagiri Estate – Culture Naturals Jasmine,Filter Roast,"Bubblegum, Jasmine, Magnolia, Tuberose","Chikmagalur, India",Catuai; 100% Arabica,Culture Naturals Jasmine,1310 MASL,from INR 855,https://naivo.in/product/ratnagiri-estate-culture-naturals-jasmine/
Naivo Coffee Company,Ratnagiri Estate – Dark Room Naturals,Espresso Roast,"Bing Cherries, Blackberries, Green Apple, Pink Guava","Chikmagalur, India",Chandragiri; 100% Arabica,Dark Room Naturals,1310 MASL,from INR 895,https://naivo.in/product/ratnagiri-estate-dark-room-naturals/
Naivo Coffee Company,Mondul Estate AA Washed,Filter Roast,"Black Tea, Tamarind, Wood Apple","Arusha, Tanzania",Bourbon; 100% Arabica,Washed,1600 - 1800 MASL,from INR 470,https://naivo.in/product/mondul-estate-aa-washed/
Naivo Coffee Company,Seethargundu Estate Washed,Filter Roast,"Orange Zest, Simple Syrup, Walnut","Nelliyampathy, Kerala, India",Selection 9; 100% Arabica,Washed,1070 MASL,from INR 615,https://naivo.in/product/seethargundu-estate-washed/
Naivo Coffee Company,Salud – Rum Barrel Aged Coffee,Omni Roast,"Amla, Orange Peel, Walnut","Sakleshpur, India",Selection 9; 100% Arabica,Rum Barrel Aged,950 – 1050 MASL,from INR 950,https://naivo.in/product/salud-rum-barrel-aged-coffee/
Naivo Coffee Company,SKIA Red Honey – Fine Robusta,Omni Roast,"Chocolate Brownie, Cumin, Vanilla","Coorg, India",CxR; 100% Fine Robusta,Red Honey,1010 MASL,from INR 440,https://naivo.in/product/skia-red-honey-fine-robusta/
Naivo Coffee Company,Cashews & Barley Sugar – Kerehaklu 25H Pichia Naturals – Fine Robusta,Omni Roast,"Barley Sugar, Ginger, Roasted Cashews, White Pepper","Chikmagalur, India",CxR; 100% Fine Robusta,25H Pichia Naturals,1125 MASL,from INR 510,https://naivo.in/product/cashews-barley-sugar-kerehaklu-25h-pichia-naturals-fine-robusta/
Naivo Coffee Company,Dunduga Estate Naturals,Omni Roast,"Passion Fruit, Pistachio, Tutti Frutti","Mudigere, India",Chandragiri; 100% Arabica,Naturals,920 – 1010 MASL,from INR 650,https://naivo.in/product/dunduga-estate-naturals/
Naivo Coffee Company,Dunduga Estate Washed,Omni Roast,"Black Pepper, Malt, Tobacco","Mudigere, India",Chandragiri; 100% Arabica,Washed,920 – 1010 MASL,from INR 625,https://naivo.in/product/dunduga-estate-washed/
Naivo Coffee Company,Venkids Valley Washed – Fine Robusta,Omni Roast,"Cardamom, Dark Chocolate, Nutmeg","Coorg, India","Old Peradeniya, CxR; 100% Fine Robusta",Washed,800 – 1150 MASL,from INR 545,https://naivo.in/product/venkids-valley-washed-fine-robusta/
Naivo Coffee Company,Harley Kaapi Royale – Fine Robusta,Espresso Roast,"Caramel, Milk Chocolate, Sweet Cream","Sakleshpur, India",Old Peradeniya; 100% Fine Robusta,Washed,950 – 1050 MASL,from INR 530,https://naivo.in/product/harley-kaapi-royale-fine-robusta/
Naivo Coffee Company,Zero Buzz Decaf,Omni Roast,"Blood Orange, Butter Cookies, Raisins",Colombia,Various; 100% Arabica,Decaf,1400 – 1700 MASL,from INR 620,https://naivo.in/product/zero-buzz-decaf/
Naivo Coffee Company,Unakki Estate Washed,Omni Roast,"Apricot, Cane Sugar, Honey","Joldal, India",Chandragiri; 100% Arabica,Washed,1220 – 1370 MASL,from INR 610,https://naivo.in/product/unakki-estate-washed/
Naivo Coffee Company,Sláinte – Whiskey Barrel Aged Coffee,Filter Roast,"Black Currant, Dark Rum, Jujube","Sakleshpur, India",Selection 9; 100% Arabica,Whiskey Barrel Aged,950 – 1050 MASL,from INR 1190,https://naivo.in/product/slainte-whiskey-barrel-aged-coffee/
Naivo Coffee Company,Unakki Dark Honey,Espresso Roast,"Dried Berries, Lychee, Stone Fruit","Joldal, India",Chandragiri; 100% Arabica,Dark Honey Sun Dried,1220 – 1370 MASL,from INR 645,https://naivo.in/product/unakki-dark-honey/
Naivo Coffee Company,Monsoon Malabar AA,Omni Roast,"Dark Chocolate, Earthy, Mellow","Karnataka, India",Various; 100% Arabica,Monsooned,1000 – 1500 MASL,from INR 590,https://naivo.in/product/monsoon-malabar-aa/
Naivo Coffee Company,Balanoor Chandragiri Washed,Filter Roast,"Almonds, Floral, Gooseberries","Chikmagalur, India",Chandragiri; 100% Arabica,Washed,1100 – 1400 MASL,from INR 585,https://naivo.in/product/balanoor-chandragiri-washed/
Naivo Coffee Company,Balanoor Vontekad,Filter Roast,"Citrus Blossom, Golden Raisin, Honeydew","Chikmagalur, India",SL795; 100% Arabica,Washed,1100 – 1400 MASL,from INR 680,https://naivo.in/product/balanoor-vontekad/
Naivo Coffee Company,Bettadamalali Estate Washed,Espresso Roast,"Cocoa, Honey, Roasted Nuts","Baba Budan Giri, India",Selection 795; 100% Arabica,Washed,1100 – 1340 MASL,from INR 580,https://naivo.in/product/bettadamalali-estate-washed/
Naivo Coffee Company,Attikan White Mist,Espresso Roast,"Baker’s Chocolate, Cedar, Roasted Nuts","Bilgirirangana Hills, India",SL9; 100% Arabica,Washed (Double Fermentation),1650 MASL,from INR 670,https://naivo.in/product/attikan-white-mist/
Naivo Coffee Company,BEWILD Anoxic Naturals – Fine Robusta,Omni Roast,"Clove, Jackfruit, Nutmeg","Coorg, India",Old Peradeniya; 100% Fine Robusta,Anoxic Naturals,950 - 1040 MASL,from INR 470,https://naivo.in/product/bewild-poomale-anoxic-naturals/
Naked Coffee,Ratnagiri - Sequential Washed,,"sweet lime, honey, black tea",RATNAGIRI ESTATE,,SEQUENTIAL WASHED,4450 FT,INR 1205,https://nakedcoffee.in/products/ratnagiri-sequential-washed
Naked Coffee,Ratnagiri Estate - Anaerobic Naturals,Light-roasted,"rose, dark chocolate, dried cranberries",RATNAGIRI ESTATE,,ANAEROBIC NATURALS,3900 FT,INR 1225,https://nakedcoffee.in/products/ratnagiri-estate-anaerobic-naturals
Naked Coffee,Vienna Roast - DARK,Vienna Roast - DARK,"cocoa, bittersweet, roasted malt","KARNATAKA, INDIA",,,3900 FT,INR 945,https://nakedcoffee.in/products/vienna-roast-dark
Naked Coffee,Ratnagiri - Honey Sundried,,"oolong tea, jasmine, grapefruit",RATNAGIRI ESTATE,,HONEY SUNDRIED,3900 FT,INR 1205,https://nakedcoffee.in/products/ratnagiri-honey-sundried
Naked Coffee,Cold Brew Blend - BOLD,,"dark chocolate, cinnamon, toffee",,,WASHED,4900 FT,INR 945,https://nakedcoffee.in/products/cold-brew-blend-bold
Naked Coffee,Moganad Estate - Washed,,"cacao nibs, dark chocolate, bittersweet",MOGANAD ESTATE,,WASHED,4000 FT,INR 1025,https://nakedcoffee.in/products/moganad-estate-washed
Naked Coffee,Ratnagiri Estate - Mosto Double Washed,,"brown sugar, chocolate, roasted almond",RATNAGIRI ESTATE,,MOSTO DOUBLE WASHED,4150 FT,INR 1045,https://nakedcoffee.in/products/ratnagiri-estate-mosto-double-washed
Project Kaapi,Tipsy Tuskers Light Roast,Light roast,"Berries, dark chocolate, gentle spices",,Catui,Mulled wine fermented natural,,INR 262,https://projectkaapi.com/products/tipsy-tuskers-lite
Project Kaapi,Tipsy Tuskers,Medium roast,"Berries, dark chocolate, warm spices",,Catui,Mulled wine fermented natural,,INR 262,https://projectkaapi.com/products/tipsy-tuskers
Project Kaapi,God Bean,,"Orange candy, berries",,Kents,,,INR 304,https://projectkaapi.com/products/god-bean
Project Kaapi,Kaapi Grounds,,"Deep earthiness, mellow sweetness, steady finish",,Monsoon coffee and robusta,,,INR 272,https://projectkaapi.com/products/kaapi-grounds
Project Kaapi,Magic Potion,,"Bright citrus, ripe peach, sweet berries, cherry",,,Sequentially fermented,,INR 230,https://projectkaapi.com/products/magic-potion
Project Kaapi,Picnic In the Forest (Native and Natural x Project Kaapi),Medium roast,"Sweetlime, spice, nutty mouthfeel, medium acidity",,,Washed,912 MASL,INR 460,https://projectkaapi.com/products/picnic-in-the-forest-native-and-natural-x-project-kaapi
Project Kaapi,Oh Honey!,Medium roast,"Berries, dark chocolate, warm spices",,Catui,Mulled wine fermented natural,,INR 262,https://projectkaapi.com/products/oh-honey
Quick Brown Fox Coffee Roasters,Vontekad Estate SLN795 [Farm Organic Washed] [Espresso Roast],Espresso,"Dried dates, Clementine, Milk Chocolate","Vontekad Estate, Chikmagalur, KN",SLN 795,Washed - Farm Organic,760 - 1430m,INR 795,https://qbfcoffee.com/products/ms-estate-organic-espresso-roast
Quick Brown Fox Coffee Roasters,Cold Brew Blend,Cold Brew Blend,"Milk chocolate, toffee, tropical fruit",,,,,INR 625,https://qbfcoffee.com/products/cold-brew-blend
Quick Brown Fox Coffee Roasters,Middle Ground [Espresso Blend],Espresso Blend,"Ripe stone-fruit, Toffee, Bittersweet Chocolate",,"SL795, Chandragiri","Washed, Natural",,INR 625,https://qbfcoffee.com/products/middle-ground-espresso-blend
Quick Brown Fox Coffee Roasters,Badnekhan Estate SLN 13 [Washed] [Espresso Roast],Espresso,"Toffee, Hazelnut, Milk Chocolate","Badnekhan Estate, Chikmagalur, KN",SLN 13,Washed,1400m,INR 775,https://qbfcoffee.com/products/badnekhan-estate-sl13-washed-espresso-roast
Quick Brown Fox Coffee Roasters,Colombia Decaf [Espresso Roast],Espresso,"Mandarin, Hazelnut, Chocolate Fudge",Colombia,,Decaf,,INR 1300,https://qbfcoffee.com/products/colombia-decaf
Quick Brown Fox Coffee Roasters,Attikan Estate Catimor [Culture Washed] [Espresso Roast],Espresso,"Milk Chocolate, Brown Butter, Pecan, Figs","Attikan Estate, Biligiri Hills, KN",Catimor,Culture Washed; Anaerobic with a Microbial Culture,1550-1600m,INR 775,https://qbfcoffee.com/products/attikan-estate-catimor-culture-washed-espresso-roast
Quick Brown Fox Coffee Roasters,Attikan Estate [Wild Gooseberry Honey] [Filter Roast] [Microlot],Filter,"Orange Blossom, Milk Chocolate, Lemon Candy","Attikan Estate, Biligiri Hills, KN",SLN 795,Wild Gooseberry Honey; 38 hours with wild gooseberries in air-tight barrels,1650m,INR 999,https://qbfcoffee.com/products/attikan-estate-wild-gooseberry-honey-filter-roast-microlot
Quick Brown Fox Coffee Roasters,Ratnagiri Estate [Bioreactor Thermal Shock Naturals - Lab Inoculated Microbes] [Filter Roast] [Micro-Lot],Filter,"Raspberry, Apricot, Plum","Ratnagiri Estate, Bababudan Giri, KN",SLN 9,Thermal Shock Naturals; Bioreactor with Lab-Inoculated Microbes,1250 - 1450m,INR 999,https://qbfcoffee.com/products/ratnagiri-estate-bioreactor-thermal-shock-naturals-lab-inoculated-microbes-filter-roast-micro-lot-1
Quick Brown Fox Coffee Roasters,Salawara Estate [CM Naturals] [Filter Roast] [Microlot],Filter,"Pear, Green Apple, Warm Spices","Salawara Estate, Hassan, KN",SLN 795 / SLN 13,Naturals; 72 hours Carbonic Maceration,3650ft,INR 999,https://qbfcoffee.com/products/salawara-estate-cm-naturals-filter-roast-microlot
Quick Brown Fox Coffee Roasters,Stanmore Estate [Naturals] [Filter Roast] [Microlot],Filter,"Huckleberry, Honeysuckle, Lemon Verbena","Stanmore Estate, Shevaroy Hills, TN",SLN 9,Naturals,1400m,INR 999,https://qbfcoffee.com/products/stanmore-estate-naturals-filter-roast-microlot
Quick Brown Fox Coffee Roasters,Salawara Estate [Yeast Anaerobic Naturals] [Espresso Roast] [Microlot],Espresso,"Chocolate Fudge, Dried Fruit, Molasses","Salawara Estate, Hassan, KN",SLN 795 / Kent,Yeast Anaerobic Naturals; 48 hours,3500ft,INR 999,https://qbfcoffee.com/products/salawara-estate-yeast-anaerobic-naturals-espresso-roast-microlot
Red Sirocco,Alpha Roast,Medium Light,"Hazelnut, Stone Fruit","Bababudan, Ethiopia, Kalladevarapura",Various,"Arabica Washed, Honey Sundried",1500-2200 msl,INR 775,https://redsirocco.com/product/alpha-roast/
Red Sirocco,Arakku Valley,Medium Light,"Citrus, Medium Body, Vanilla","Arakku, Sunkarametta",SLN 795,Washed Arabica,1100 msl,INR 575,https://redsirocco.com/product/arakku-valley/
Red Sirocco,Cinnamon,Light,"Berry, Blossom, Citrus","Antioquia, Bababudan, Ethiopia, Kalladevarapura",Various,Arabica Washed Bulk,1320-1870 msl,INR 775,https://redsirocco.com/product/cinnamon/
Red Sirocco,Coorg Naturals,Medium Light,"Citrus, Jackfruit",Crystal Valley Coorg,Sln 6,Anaerobic Fermented-Arabica Naturals,1000 msl,INR 575,https://redsirocco.com/product/coorg-naturals/
Red Sirocco,Crescendo at Hardoor,Medium,"Black Plum, Dried Fig, Red Grapes",Madikeri,"Chandragiri, S795, S9",Arabica Naturals,1050 msl,INR 800,https://redsirocco.com/product/crescendo-at-hardoor/
Red Sirocco,Decaffeinated Coffee Beans,Medium,"Nutty, Roasted almond, Toast Like",,,Washed Arabica -100%,,INR 700,https://redsirocco.com/product/decaffeinated-coffee-beans/
Red Sirocco,Ethiopian Elegance,Light,"Floral, Smooth Body, Tea Like",Ethiopia,Ethiopia Sidamo,Washed Arabica Bulk,1550-2200 msl,INR 1200,https://redsirocco.com/product/ethiopian-elegance/
Red Sirocco,First Rush,Medium,Rich Caramel,"Chikmagalur, Kalladevarapura",Various,Washed Arabica -100%,900-1500 msl,INR 550,https://redsirocco.com/product/first-rush/
Red Sirocco,Harmony of Hospura,Medium,"Chamomile, Honey, Yellow-Pink Fruit",Chikmagalur,"Chandragiri, S795",Arabica Anaerobic 92 hrs,1325msl,INR 800,https://redsirocco.com/product/harmony-of-hospura/
Red Sirocco,Italia Roast,Dark,Dark Roast,Bababudan,Various,Washed Arabica -100%,900-1500 msl,INR 575,https://redsirocco.com/product/italia-roast/
Red Sirocco,Monsoon Malabar,Medium,"Earthy, Medium Body, Melow, Tobacco",,,Washed Arabica -100%,,INR 575,https://redsirocco.com/product/monsoon-malabar/
Red Sirocco,Mysore Nuggets,Medium Dark,"Heavy & Creamy Body, Roasted Hazelnut","Chaudicadoo, Coorg",WASHED-SL 795,Mysore Nuggets Extra Bold,1100-1500 msl,INR 550,https://redsirocco.com/product/mysore-nuggets/
Red Sirocco,Sunny Over Hulikere,Medium,"Apple Jam, Cinamon, Malta Orange",Chikmagalur,S5B,Washed Arabica -100%,1310msl,INR 800,https://redsirocco.com/product/sunny-over-hulikere/
Rossette Coffee,Ratnagiri Peach Co-Fermented Naturals (SCA 88),Light Roast,"Peach, Apricot, Honey, Rose Finish","Chikmagalur, Karnataka",SLN 9,Yeast Inoculated Naturals Co-Fermented with Peach,1450 MASL,"Rs. 1,000.00",https://rossettecoffee.com/products/ratnagiri-peach-co-fermented-naturals-sca-88
Rossette Coffee,Ratnagiri Whiskey Barrel Aged Naturals (SCA 87+),Medium Roast,"single malt whiskey, cranberry , caramel, plum cake","Chikmagalur, Karnataka",Catuai,Anaerobic Naturals + Whiskey Barrel Aged,1450 MASL,"Rs. 1,250.00",https://rossettecoffee.com/products/ratnagiri-whiskey-barrel-aged-naturals-sca-87
Rossette Coffee,Gungegiri Dark Honey,Medium,"Banana Bread, Clementine, Jaggery, Kiwi","Chikmagalur, Karnataka",SLN 13,32H Anaerobic Honey Sun Dried,1450 MASL,Rs. 800.00,https://rossettecoffee.com/products/gungegiri-dark-honey
Rossette Coffee,Yelnoorkhan Yeast Anaerobic Honey (SCA 85+),Medium,"Purple Grapes, Java Plum, Raisin, Stone Fruit","Mullayangiri, Karnataka",SLN 13,72H Yeast Anaerobic Honey,1616 MASL,Rs. 850.00,https://rossettecoffee.com/products/yelnoorkhan-honey-sca-85
Rossette Coffee,Ratnagiri Strawberry Co-Fermented Naturals (SCA 88+),Light Roast,"Strawberry, Bubblegum Cotton Candy, Cherry Blossom","Chikmagalur, Karnataka",SLN 9,Yeast Inoculated Naturals Co-Fermented with Strawberry,1450 MASL,"Rs. 1,000.00",https://rossettecoffee.com/products/ratnagiri-strawberry-co-fermented-naturals-sca-88
Rossette Coffee,Ratnagiri Watermelon Co-Fermented Naturals (SCA 87+),Light Roast,"Watermelon, Purple Grapes, Jolly Rancher Candy, Raspberries","Chikmagalur, Karnataka",SLN 9,Yeast Inoculated Naturals Co-Fermented with Watermelon,1450 MASL,"Rs. 1,000.00",https://rossettecoffee.com/products/ratnagiri-watermmelon-co-fermented-naturals-sca-87
Rossette Coffee,Hardoor Estate (Farm Organic ) Washed,Medium,"Rasin, Grapes, Brown Sugar, Floral Honey","Coorg, Karnataka",SLN 13,16 H Dry Fermented Washed,1050 MASL,Rs. 700.00,https://rossettecoffee.com/products/hardoor-estate-farm-organic-washed
Rossette Coffee,Basankhan Fermented Washed,Medium-Dark,"Tangerine, Prune, Cane Syrup, Cocoa","Chikmagalur, Karnataka",SLN 795,48 H Fermented Washed,1470 MASL,Rs. 700.00,https://rossettecoffee.com/products/basankhan-fermented-wash
Rossette Coffee,Robusta Kaapi Royale (Vienna),Dark Roast,"Cacao Nibs, Vanilla, Spices, Roasted Almonds","Magundi, Karnataka",CXR,Double Fermented Washed,1000 MASL,Rs. 600.00,https://rossettecoffee.com/products/robusta-kaapi-royale-vienna
Rossette Coffee,Robusta Kaapi Royale,Medium-Dark Roast,"Caramel, Cinnamon, Chocolate, TropicalFruits, Nutty","Magundi, Karnataka",CXR,Double Fermented Washed,1000 MASL,Rs. 600.00,https://rossettecoffee.com/products/robusta-kaapi-royale
Rossette Coffee,Ratnagiri Hydro Honey (SCA 86+),Light Roast,"Peach Tea, Stone Fruit, Sugarcane, Floral","Chikmagalur, Karnataka",SLN 9,Sequential Fermented Hydro Honey,1450 MASL,Rs. 900.00,https://rossettecoffee.com/products/ratnagiri-hydro-honey-sca-86
Rossette Coffee,Rosselle Blend (SCA 88+),Light-Medium Roast,"Lychee, Custard Apple, Rose, Berries, White Florals","Chikmagalur, Karnataka & Huila, Colombia",Catuai & Caturra,Yeast Anaerobic + Thermal Shock Naturals,1450-1750 MASL,"Rs. 1,100.00",https://rossettecoffee.com/products/rosselle-blend-india-colombia-sca-88
Rossette Coffee,Colombian Huila Decaf,Medium Roast,"Valencia Orange, Roasted Hazelnut, Chocolate Spread","San Agustín, Huila, Colombia",Caturra + Castillo,DCM Decaf Process,1900 MASL,"Rs. 1,600.00",https://rossettecoffee.com/products/colombian-huila-decaf
Rossette Coffee,Wave,Espresso,"bittersweet chocolate, butter biscuits, and caramel","Chikmagalur, Karnataka",Mixed Varietal,Washed+Naturals,1000-1400 MASL,Rs. 600.00,https://rossettecoffee.com/products/wave
Rossette Coffee,Midnight Blues,Dark,"cacao nibs, sweet spices, and toasted nuts","Chikmagalur, Karnataka",Mixed Varietal,Washed+Naturals,1400 MASL,Rs. 600.00,https://rossettecoffee.com/products/midnight-blues
Rossette Coffee,Equinox,Espresso,"Ferrero Rocher*, Maple Syrup, Dried fruits",Chikmagalur+Pulney Hills,Mixed,Washed+Honey+Monsooned,1650 MASL,Rs. 700.00,https://rossettecoffee.com/products/equinox-arabica-blend
Rossette Coffee,Harley Whiskey Barrel Aged (SCA 87+),Medium,"Bailey's, Tropical Spices, Vanilla Bean, Granny Smith","Sakleshpur, Karnataka",SLN 9,Whiskey Barrel Aged,1100 MASL,"Rs. 1,250.00",https://rossettecoffee.com/products/harley-whiskey-barrel-aged
Rossette Coffee,Harley Rum Aged (SCA 87+),Medium,"Rum & Rasins, Blueberry, Orange Bitters","Sakleshpur, Karnataka",SLN 9,Rum Aged,1050 MASL,"Rs. 1,200.00",https://rossettecoffee.com/products/harley-rum-aged
Rossette Coffee,Truffle Twilight,Espresso,"Fudge Brownie, Cacao, Caramel ,Figs","Chikmagalur, Karnataka",SLN 795,Washed,1650 MASL,Rs. 600.00,https://rossettecoffee.com/products/truffle-twilight
Rossette Coffee,Vienna Roast,Dark,"Dark Chocolate, Bittersweet, Smoky Finish","Chikmagalur, Karnataka",SLN 795,Washed,1600 MASL,Rs. 600.00,https://rossettecoffee.com/products/vienna-roast
Savorworks Roasters,Vienna - Dark Roast,Dark,"Roasted Hazelnut, Dark Chocolate, Raisin",Riverdale Estate,SLN-9 & SLN-795,Mixed Fruit Fermented Naturals,1450 MASL,Rs. 630.00,https://www.savorworksroasters.com/products/vienna-dark-roast
Savorworks Roasters,Riverdale - Medium to Dark Roast,Medium Dark,"Fig ,Nougat, Toffee, Dark Chocolate",Riverdale Estate,,Washed,,Rs. 630.00,https://www.savorworksroasters.com/products/riverdale-medium-dark-roast
Savorworks Roasters,Boss's Wife - House Blend,Medium,"Peach, Jaggery, Roasted Almond, Dark Chocolate",Ratnagiri Estate & Riverdale Estate,,Washed and Anaerobic Black Honey,,Rs. 630.00,https://www.savorworksroasters.com/products/bosss-wife-house-blend
Siolim Speciality Coffee Roasters,Candolim Blend,Medium–Dark,Nutty / Maple / Sweet Spice,,,Blend,1350 MASL,Rs. 790.00,https://www.siolim.coffee/products/candolim-blend
Siolim Speciality Coffee Roasters,Aarambol Blend,Medium–Dark,Berries / Cocoa / Brown Sugar,,,Blend,1350 MASL,Rs. 790.00,https://www.siolim.coffee/products/aarambol-blend
Siolim Speciality Coffee Roasters,Anjuna Blend,Medium Dark,Dark Chocolate / Raisins / Pear,,,Washed and Naturals,1350 MASL,Rs. 790.00,https://www.siolim.coffee/products/anjuna-blend
Siolim Speciality Coffee Roasters,Morjim Blend,Medium,Dark Chocolate / Cherry Fruit / Almond,Ratnagiri Estate,,Blend,1350 MASL,Rs. 790.00,https://www.siolim.coffee/products/morjim-blend
Siolim Speciality Coffee Roasters,Vasco Da Gama Blend,Medium Dark,Milk Chocolate / Berries / Apple,,,Washed and Naturals,1350 MASL,Rs. 790.00,https://www.siolim.coffee/products/vasco-da-gama-cold-brew-blend
Siolim Speciality Coffee Roasters,Excelsa,Light - Medium,Lychee / Jackfruit / Ripe Banana Sweetness,"Mooleh Manay Estate, Coorg",Excelsa,Natural - 84 hours Yeast Fermented,1000M,Rs. 800.00,https://www.siolim.coffee/products/excelsa
Siolim Speciality Coffee Roasters,Whiskey Barrel Aged,Medium,Caramel Chocolate / Mixed Berries / Malty,Ratnagiri Estate,Cauvery,Natural Process; whiskey barrel-aged,1350 MASL,"Rs. 1,200.00",https://www.siolim.coffee/products/whiskey-barrel-aged
Siolim Speciality Coffee Roasters,Rum Barrel Aged,Medium,Milk Chocolate / Jackfruit / Molases,Ratnagiri Estate,Cauvery,Natural Processed; rum barrel-aged,1350 MASL,"Rs. 1,200.00",https://www.siolim.coffee/products/rum-barrel-aged
Siolim Speciality Coffee Roasters,Ratnagiri Estate Washed Coffee,Medium,Milk Chocolate / Cherry Fruit / Raisins,Ratnagiri Estate,Cauvery,Washed Process,1350 MASL,Rs. 790.00,https://www.siolim.coffee/products/ratnagiri-washed
Siolim Speciality Coffee Roasters,Raxidi Lobo's W1 Natural,Light Medium,Pear / Black Tea / Goose Berries,,SLN 5B,20 hrs Anaerobic Naturals,1000 MASL,Rs. 980.00,https://www.siolim.coffee/products/raxidi-lobo-w1
Siolim Speciality Coffee Roasters,Raxidi Lobo's P1 Natural,Light Medium,Cloves / Chocolate / Dark Cherry,,SLN 5B,18 hrs Anaerobic Naturals,1000 MASL,Rs. 980.00,https://www.siolim.coffee/products/raxidi-lobo-p1
Subko Coffee Roasters,"Project Pearl, Ratnagiri Estate, Karnataka (SCA 86+): Culture naturals+ Anaerobic Naturals: Filter Roast (Light)",Filter Roast (Light),"Marigold, dragon fruit, peach tea","Ratnagiri Estate, Karnataka",Catuai + Hemavathi,Culture Naturals+ Anaerobic Naturals,1356 MASL,Rs. 995.00,https://www.subko.coffee/products/project-pearl-ratnagiri-estate-karnataka-sca-86-culture-naturals-anaerobic-naturals-filter-roast
Subko Coffee Roasters,"Mooleh Manay: Coorg, Karnataka | Excelsa | 84 Hours Yeast Inoculated Natural | Medium Roast",Medium Roast,"Champagne, Green Grapes, Dry Dates","Mooleh Manay, Coorg, Karnataka",Excelsa,Carbonic Macerated; 84 Hours Yeast Inoculated Natural,,"Rs. 1,095.00",https://www.subko.coffee/products/mooleh-manay-coorg-karnataka-sicc-84-hours-yeast-inoculated-natural-medium-roast
Subko Coffee Roasters,"Subko VLGE, Paderu, Andhra Pradesh | Gurram Hand Washed | Medium Roast",Medium Roast,"Honey, Walnuts, Brown Sugar","SUBKO VLGE, Paderu, Andhra Pradesh",Sln. 9,Gurram Hand Washed,935 MASL,Rs. 895.00,https://www.subko.coffee/products/lot-sv09
Subko Coffee Roasters,"Agave Barrel Aged Washed: Gandha, Andhra Pradesh | Arabica | Medium Roast",Medium Roast,"Melon, Peach Sorbet, Jaggery","Gandha, Andhra Pradesh",Arabica,Agave Barrel Aged + Gurram Hand Washed,,"Rs. 1,300.00",https://www.subko.coffee/products/mooleh-manay-coorg-karnataka-excelsa-84-hours-yeast-inoculated-natural-medium-roast-copy-1
Subko Coffee Roasters,"Project 360, Badra Estates, Karnataka: Black Honey, Filter Roast (Medium-Light)",Filter Roast (Medium-Light),"Blackberry, Plum Jam, Nutmeg","Badra Estates, Karnataka",SLN 795,Black Honey,795 - 1050 MASL,Rs. 995.00,https://www.subko.coffee/products/project-360-badra-estates-karnataka-black-honey-filter-roast-medium-light
Subko Coffee Roasters,"Project Seven Sisters: Jampui, Tripura - Lot #249/170 - Medium Omni Roast [White Raisins, Caramel, Cinnamon]",Medium Omni Roast,"White Raisins, Caramel, Cinnamon","Jampui, Tripura",SLN9,Traditional Naturals,800-950 MASL,"Rs. 1,095.00",https://www.subko.coffee/products/project-seven-sisters-jampui-tripura-lot-1000-medium-roast-papaya-jammy-hazelnut-copy
Tulum Coffee,The Sol Blend - Medium Roast - Mellow,Medium,"Coconut Water, Natural Sweetness, Light Citrus Brightness, Clean Smooth Finish","Chikmagalur, Karnataka",100% Arabica,Washed + HSD + Burundi Washed,,Rs. 685.00,https://www.tulum.coffee/products/the-sol-blend-medium-roast-mellow
Tulum Coffee,The Lumen Blend - Light Roast,Light-Medium Roast,"Orange, Berries",Different regions of India,100% Arabica,,,Rs. 685.00,https://www.tulum.coffee/products/lumen
Tulum Coffee,Thogarihunkal Washed,Medium,"Chocolate, Jaggery, Peanut Chikki","Chikmagalur, Karnataka",Chandragiri,Washed,3800 - 4200ft,Rs. 685.00,https://www.tulum.coffee/products/thogarihunkal-medium-roasted-coffee
Tulum Coffee,Baarbara HSD - Hazelnutty,Medium-Dark,"Hazelnut, Grape, Cocoa, Orange","Bababudangiri, Chikmagalur",100% Arabica,Honey Sun Dried,3850 - 5350ft,Rs. 685.00,https://www.tulum.coffee/products/baarbara
Tulum Coffee,The Swell Blend,Medium,"Chocolatey, Nutty, Fruity",Chikmagalur,100% Arabica,,,Rs. 685.00,https://www.tulum.coffee/products/the-swell-blend-specialty-blend
Tulum Coffee,Pulneys - Dark Roast - Cacao Nibs,Dark,"Cacao Nibs, Brown Sugar, Dark Chocolate, Full Bodied, Lingering aftertaste","Pachalur, Pulney region",100% Arabica,Semi Washed,4900+ft,Rs. 685.00,https://www.tulum.coffee/products/pulneys-100-organic-coffee
Tulum Coffee,The Saigon Blend,Dark,"Toasted Nuts, Cacao",India,Arabica,,,Rs. 685.00,https://www.tulum.coffee/products/the-saigon-blend-specialty-blend
